Teff_key,Prot_key,logRHK_key,BV
6119,9.85,-4.8372,0.51846
5986,9.35,-4.5661,0.559245
6211,7.11,-4.8254,0.490763
5605,18.45,-4.8859,0.681301
6190,7.19,-5.0381,0.497049
5797,25.58,-4.9464,0.618789
5302,30.17,-4.9161,0.784446
5532,21.93,-5.0099,0.705632
5828,19.78,-5.1003,0.608891
5863,13.15,-4.7987,0.597778
6052,12.42,-5.013,0.538894
5546,12.1,-4.556,0.700941
5866,17.0,-4.7911,0.596829
5198,20.07,-5.0943,0.821212
5344,9.83,-4.6891,0.769801
5825,24.52,-5.0455,0.609846
6358,4.16,-4.5256,0.447348
6192,6.81,-4.9036,0.496449
5848,16.64,-4.979,0.602533
5209,23.54,-4.9577,0.817289
6185,13.59,-4.8729,0.498548
6122,11.24,-4.8342,0.51755
5643,25.01,-5.014,0.66876
5984,10.96,-4.7942,0.559865
5419,21.81,-4.851,0.743935
5592,37.45,-4.8718,0.68561
6077,5.32,-4.5024,0.531243
6119,10.55,-4.9958,0.51846
5728,21.48,-4.8543,0.641013
6085,10.07,-4.8411,0.528801
6051,15.89,-4.9853,0.5392
5970,11.92,-4.7692,0.564212
6243,18.22,-4.6468,0.481225
5933,15.69,-4.759,0.575751
6100,2.74,-4.5196,0.524231
5798,19.94,-5.044,0.618469
5720,14.59,-4.7733,0.643607
6335,4.22,-4.6019,0.454074
5652,46.06,-4.7998,0.665803
5730,18.96,-4.7062,0.640365
6346,1.4,-4.4246,0.450854
6322,4.63,-4.7138,0.457887
6444,3.18,-4.7733,0.44
6313,5.06,-4.8209,0.460531
5806,23.76,-5.0313,0.61591
5861,15.65,-5.0268,0.598411
5670,15.19,-4.8222,0.659901
5527,13.6,-4.6929,0.70731
6218,8.36,-4.8762,0.488672
5677,19.39,-4.9638,0.657612
6040,9.03,-4.689,0.542577
6416,3.79,-4.5949,0.44
6460,6.49,-4.6355,0.44
5692,24.86,-4.8019,0.652714
5959,9.88,-4.5399,0.567635
5466,26.84,-4.792,0.727908
6458,2.74,-4.7543,0.44
6228,6.64,-4.7735,0.48569
6366,6.32,-4.735,0.445014
6068,10.2,-4.9415,0.533993
5871,9.09,-4.6315,0.595248
6036,11.51,-4.8686,0.543807
5298,13.33,-4.5728,0.785846
6077,9.61,-4.7809,0.531243
5859,10.89,-4.7388,0.599045
6294,7.17,-4.9959,0.466125
5661,12.25,-4.6814,0.66285
6221,7.1,-4.9398,0.487777
6358,5.01,-4.8559,0.447348
5591,13.98,-4.5791,0.685942
5736,26.09,-4.9074,0.638422
5904,13.24,-4.7195,0.584845
5143,29.18,-5.0633,0.840955
5572,16.64,-4.4374,0.69226
5482,32.33,-5.134,0.722483
6162,5.12,-4.6559,0.505463
5683,8.04,-4.6144,0.655651
5860,21.94,-4.7053,0.598728
5766,8.78,-4.6187,0.628741
6198,8.92,-4.7292,0.494651
5499,6.94,-4.5909,0.716736
5550,19.36,-4.7986,0.699603
5413,28.38,-4.8265,0.745991
5608,12.61,-4.6395,0.680308
5795,10.98,-4.5368,0.61943
5921,17.27,-4.939,0.579508
6015,14.63,-4.8682,0.550275
6226,18.58,-4.8802,0.486286
6209,6.71,-4.7378,0.49136
5938,16.51,-4.7826,0.574187
5418,6.67,-4.538,0.744278
5683,14.49,-4.9422,0.655651
6456,2.84,-4.7408,0.44
6304,8.88,-4.7751,0.463179
5819,14.88,-4.8239,0.611759
6372,3.97,-4.7991,0.443266
6214,4.24,-4.5766,0.489866
6210,4.46,-4.6095,0.491062
5418,22.27,-4.9178,0.744278
6409,4.0,-4.848,0.44
6014,8.55,-4.7313,0.550584
6466,18.34,-4.7299,0.44
5880,11.04,-4.6548,0.592405
5700,29.17,-4.9001,0.650107
6323,5.14,-4.8794,0.457593
6363,3.96,-4.5758,0.445889
5847,21.92,-4.9219,0.60285
5967,11.74,-4.9433,0.565145
5854,26.46,-4.8596,0.600629
5873,21.56,-4.792,0.594615
5543,6.76,-4.5637,0.701945
6477,2.18,-4.7207,0.44
6299,4.81,-4.7182,0.464651
5993,6.26,-4.6323,0.557076
6367,5.18,-4.7931,0.444723
6223,7.91,-5.0322,0.48718
6089,10.65,-4.6843,0.527581
5075,12.53,-4.5817,0.865658
6411,6.09,-4.7754,0.44
6275,4.27,-4.6477,0.471736
6499,2.74,-4.4882,0.44
6252,11.6,-4.9504,0.478551
5463,20.89,-4.8002,0.728926
6372,3.61,-4.7465,0.443266
5667,40.37,-4.9653,0.660884
5578,18.32,-4.7212,0.690263
5431,25.02,-4.725,0.73983
5390,17.59,-4.785,0.753894
5792,17.34,-4.8337,0.620391
6302,4.52,-4.7877,0.463768
5788,17.57,-4.9171,0.621673
5744,9.89,-4.6087,0.635836
6367,4.17,-4.7816,0.444723
5906,12.95,-4.7538,0.584216
5513,17.57,-4.7035,0.712017
5040,12.45,-4.6361,0.878502
6111,8.25,-4.7782,0.520888
6014,10.95,-4.962,0.550584
5229,11.29,-4.7035,0.810177
5423,12.78,-4.71,0.742566
5291,27.02,-5.0814,0.7883
5357,24.68,-4.8381,0.765292
6450,4.34,-4.6233,0.44
6486,2.9,-4.5565,0.44
6379,4.26,-4.8285,0.441228
5576,28.66,-5.0704,0.690928
6075,9.99,-5.0451,0.531853
5837,20.91,-5.0405,0.606027
6340,8.79,-4.8989,0.45261
6286,11.11,-4.7039,0.468486
5765,7.5,-4.5441,0.629063
5552,19.79,-4.7583,0.698934
6304,3.58,-4.7073,0.463179
6074,4.13,-4.5757,0.532159
5777,20.84,-5.0329,0.625204
6236,4.82,-4.8556,0.483307
5903,26.74,-4.9908,0.585159
5433,18.83,-4.8338,0.739147
6324,5.07,-4.9052,0.4573
5794,8.44,-4.5646,0.61975
6107,1.71,-4.8626,0.522103
6167,7.23,-4.8003,0.503957
5642,23.26,-5.0324,0.669089
6487,2.44,-4.5179,0.44
6174,8.78,-5.012,0.501852
5990,26.46,-4.6639,0.558005
5518,21.81,-4.8706,0.710335
5400,10.61,-4.6145,0.750454
6404,7.59,-4.5572,0.44
5823,8.8,-4.7325,0.610484
6372,6.3,-4.7188,0.443266
5781,8.91,-4.6444,0.623919
5614,21.94,-4.8456,0.678323
5618,36.93,-4.8279,0.677001
5655,17.84,-4.8506,0.664818
6227,5.99,-4.7607,0.485988
6481,8.25,-4.6175,0.44
6060,17.33,-4.8661,0.536442
5924,19.1,-4.7402,0.578568
5861,13.54,-4.8619,0.598411
5267,5.3,-4.4869,0.796738
6247,10.49,-4.7051,0.480036
5160,30.82,-4.8191,0.83483
5102,29.18,-4.7492,0.85581
5814,15.76,-4.917,0.613355
6402,5.0,-4.9417,0.44
6304,8.83,-4.8485,0.463179
5877,14.48,-4.8358,0.593352
5561,16.51,-4.7235,0.695928
5260,14.59,-4.5493,0.799206
6022,6.39,-4.544,0.548116
6168,7.08,-4.6605,0.503657
5896,13.71,-4.873,0.587361
5159,32.83,-4.8712,0.83519
6117,9.1,-4.771,0.519066
5590,14.0,-4.6319,0.686274
6153,7.39,-4.9642,0.508176
6237,6.5,-4.8043,0.48301
6293,6.27,-4.7778,0.46642
6024,10.93,-4.9291,0.5475
5924,13.5,-4.9712,0.578568
6011,10.61,-4.6921,0.55151
6392,4.08,-4.8742,0.44
6276,6.51,-4.9582,0.47144
6145,8.69,-4.756,0.51059
5493,15.19,-4.7386,0.718762
5827,21.13,-4.804,0.609209
5550,22.88,-4.8611,0.699603
6322,6.31,-4.7586,0.457887
6218,7.89,-5.0281,0.488672
6441,4.09,-4.6843,0.44
5747,19.42,-5.0055,0.634867
5747,23.2,-4.9865,0.634867
5579,20.47,-4.8158,0.68993
5487,8.85,-4.5697,0.720791
6057,3.65,-4.6331,0.537361
6282,5.24,-4.9387,0.469667
6025,10.6,-4.889,0.547192
5773,11.32,-5.1343,0.626489
5826,14.0,-4.7962,0.609528
5336,25.72,-4.8588,0.772582
5910,15.22,-4.8618,0.582959
5570,19.96,-4.8743,0.692927
5873,16.21,-4.8367,0.594615
5795,18.86,-4.7748,0.61943
5671,41.49,-5.0622,0.659574
5575,35.59,-4.8222,0.691261
5626,22.03,-4.9219,0.67436
6413,3.27,-4.6899,0.44
5296,9.17,-4.584,0.786547
5660,9.63,-4.6646,0.663178
6012,11.06,-4.9325,0.551201
5728,9.81,-4.4936,0.641013
6133,13.45,-4.6102,0.514218
5407,28.58,-4.8875,0.74805
5914,14.95,-4.7578,0.581704
6093,9.05,-4.7897,0.526362
6222,11.21,-4.6603,0.487479
5625,26.46,-4.9365,0.67469
5918,14.78,-4.9162,0.580449
5977,12.38,-4.9712,0.562037
5695,19.39,-4.7636,0.651736
6484,3.55,-4.6692,0.44
6438,3.09,-4.833,0.44
5395,9.49,-4.6529,0.752173
5828,23.31,-4.9551,0.608891
5863,6.04,-4.59,0.597778
5914,16.16,-4.8535,0.581704
5275,18.09,-4.631,0.793921
5368,17.84,-4.6974,0.761485
5908,15.62,-4.8012,0.583588
5963,9.42,-4.7399,0.56639
6085,16.53,-5.0594,0.528801
6015,8.14,-4.5942,0.550275
6299,5.98,-4.8205,0.464651
6041,10.85,-4.8037,0.54227
6089,10.53,-4.9808,0.527581
6348,6.64,-4.7419,0.45027
5685,7.1,-4.4256,0.654998
5891,19.73,-4.8896,0.588936
6462,3.23,-4.6663,0.44
5996,10.61,-4.9575,0.556147
6431,4.74,-4.7058,0.44
6332,8.68,-4.923,0.454953
5935,19.63,-4.8825,0.575125
6035,9.96,-4.733,0.544114
6490,19.49,-4.6205,0.44
6406,4.84,-4.7798,0.44
6225,12.21,-4.9059,0.486584
6096,6.85,-4.7046,0.525449
5977,11.36,-4.9771,0.562037
6138,9.68,-4.8043,0.512706
5065,9.43,-4.5076,0.869319
5783,6.48,-4.6548,0.623277
6459,5.66,-4.7156,0.44
5678,20.35,-4.8628,0.657285
5311,31.52,-4.9326,0.781298
5802,26.44,-4.703,0.617189
5688,8.78,-4.5355,0.654019
6299,5.68,-4.8435,0.464651
6263,1.67,-4.4775,0.475289
5941,16.84,-5.0241,0.57325
5582,13.13,-4.648,0.688932
6411,2.69,-4.894,0.44
5238,20.63,-4.6956,0.806985
5638,16.28,-4.7434,0.670406
5845,16.88,-4.7488,0.603485
6166,6.13,-4.7285,0.504258
5729,19.5,-4.776,0.640689
6285,5.05,-4.7455,0.468781
6148,8.78,-4.9433,0.509684
5129,27.61,-4.9702,0.846014
6210,4.68,-4.6735,0.491062
6177,8.61,-4.8249,0.50095
6053,11.85,-4.9242,0.538587
5466,9.83,-4.5863,0.727908
5966,7.81,-4.5972,0.565456
6323,5.37,-4.721,0.457593
6428,4.18,-4.6183,0.44
6436,3.51,-4.736,0.44
5723,17.73,-4.9664,0.642634
6265,3.93,-4.6588,0.474696
5840,14.07,-4.8373,0.605073
6185,7.99,-4.9694,0.498548
5761,8.91,-4.6195,0.630351
5699,18.32,-4.9851,0.650433
6038,10.54,-4.9438,0.543192
6477,2.54,-4.8293,0.44
6086,7.29,-4.7279,0.528496
5755,5.72,-4.5912,0.632285
5631,25.46,-5.0573,0.672711
5900,11.67,-4.7667,0.586103
5993,19.37,-4.9094,0.557076
6038,5.52,-4.8463,0.543192
6401,3.88,-4.8692,0.44
5996,13.13,-4.9733,0.556147
6091,12.06,-4.9953,0.526972
5750,39.57,-4.8585,0.633898
5560,23.59,-4.9177,0.696262
6181,16.28,-4.9546,0.499749
5543,21.07,-4.6504,0.701945
5609,24.88,-4.9815,0.679977
5829,27.73,-4.8522,0.608572
6090,9.82,-4.9823,0.527277
6249,6.4,-4.8576,0.479442
5897,19.65,-4.9876,0.587046
6008,10.61,-4.7985,0.552436
5906,15.29,-5.0378,0.584216
6360,3.14,-4.6574,0.446764
5654,24.64,-4.9797,0.665146
5957,11.43,-4.8023,0.568258
5902,17.31,-4.9935,0.585473
6271,6.02,-4.9312,0.47292
5757,18.46,-4.968,0.63164
6137,24.01,-4.9496,0.513008
6145,9.02,-5.0175,0.51059
6288,8.92,-4.8487,0.467895
6187,6.92,-5.0379,0.497948
5378,11.75,-4.6196,0.758031
6034,8.68,-4.9026,0.544422
6003,12.26,-4.9533,0.553981
5581,22.42,-4.8478,0.689265
5560,17.84,-4.8005,0.696262
5746,11.59,-4.6911,0.63519
6190,13.06,-4.99,0.497049
5440,16.65,-4.7269,0.736757
5919,10.11,-4.6498,0.580135
6390,3.57,-4.6232,0.44
5133,8.62,-4.522,0.844567
6161,9.19,-5.0277,0.505764
5176,7.87,-4.5025,0.829084
6012,19.03,-4.781,0.551201
6243,6.09,-4.8627,0.481225
6449,3.03,-4.735,0.44
6243,11.72,-4.9532,0.481225
5961,13.28,-4.8778,0.567012
5792,21.75,-4.9484,0.620391
6178,8.18,-5.0019,0.50065
5970,15.73,-4.839,0.564212
5804,31.83,-4.9213,0.61655
6097,4.98,-4.5292,0.525144
6246,15.84,-5.0105,0.480333
5881,9.68,-4.6953,0.592089
5951,5.01,-4.5818,0.570128
5409,28.54,-5.0364,0.747363
6211,6.74,-4.9548,0.490763
6208,7.11,-4.731,0.491659
5574,23.2,-4.7217,0.691594
6197,7.53,-4.9746,0.494951
5524,22.55,-4.9998,0.708318
5867,20.64,-4.7499,0.596512
6307,5.24,-4.4983,0.462296
5881,17.97,-4.4957,0.592089
5786,18.44,-4.8332,0.622314
5348,25.56,-4.9458,0.768413
6252,5.05,-4.6794,0.478551
5328,26.08,-4.8723,0.775367
5968,13.02,-4.9324,0.564834
5932,20.04,-4.6279,0.576063
6461,7.72,-4.6865,0.44
6313,6.06,-4.6816,0.460531
6079,10.03,-4.9324,0.530632
5885,15.19,-4.7648,0.590827
6246,10.9,-4.9836,0.480333
5851,20.69,-4.786,0.601581
6304,4.72,-4.8601,0.463179
5890,14.2,-4.9378,0.589251
5647,15.73,-4.7975,0.667445
5812,18.33,-4.9526,0.613993
5823,20.6,-4.8413,0.610484
6245,10.66,-4.8454,0.480631
6114,10.11,-4.8341,0.519977
5924,20.06,-4.83,0.578568
6026,12.37,-4.7863,0.546884
5623,30.17,-5.0064,0.67535
6003,16.88,-4.9191,0.553981
6019,3.82,-4.9443,0.549041
5589,22.13,-4.9692,0.686606
5753,10.83,-4.601,0.63293
5841,16.96,-4.8991,0.604756
5880,11.92,-4.7493,0.592405
6165,8.88,-5.0122,0.504559
5694,32.79,-4.902,0.652062
5964,12.39,-5.0251,0.566078
6026,11.26,-4.8445,0.546884
5767,18.33,-5.061,0.628419
6229,7.51,-4.838,0.485392
6031,9.89,-4.8125,0.545345
5237,6.57,-4.5173,0.807339
5740,28.96,-4.9599,0.637129
5771,24.93,-4.9097,0.627132
5783,16.76,-4.8083,0.623277
5663,13.06,-4.6805,0.662194
5976,13.98,-4.8252,0.562348
6278,4.64,-4.5902,0.470849
6027,6.34,-4.574,0.546576
6006,5.68,-4.5512,0.553054
5586,21.49,-5.1637,0.687603
6281,4.74,-5.006,0.469962
6451,4.19,-4.5967,0.44
5318,32.73,-5.0336,0.778853
5416,21.63,-4.7695,0.744963
6155,12.54,-4.7483,0.507572
5710,11.2,-4.7384,0.646854
6099,9.47,-5.0534,0.524536
6267,5.72,-4.8127,0.474104
6075,11.15,-4.8937,0.531853
5661,12.0,-4.6909,0.66285
6361,4.82,-4.8266,0.446473
5907,17.37,-4.891,0.583902
5688,8.03,-4.5919,0.654019
6237,6.28,-4.9879,0.48301
5883,15.22,-4.9068,0.591458
6075,19.02,-4.9502,0.531853
5703,19.52,-4.914,0.649131
5650,14.29,-4.7388,0.66646
5501,9.83,-4.5657,0.716061
5728,21.32,-4.9856,0.641013
6063,10.17,-5.0051,0.535523
5800,14.14,-4.6469,0.617829
5654,19.93,-4.8892,0.665146
5618,9.63,-4.6674,0.677001
5348,33.06,-4.8405,0.768413
6243,5.96,-4.7826,0.481225
6455,5.96,-4.6149,0.44
5787,18.32,-4.9309,0.621994
5311,34.65,-4.9809,0.781298
6179,7.78,-4.7935,0.50035
5485,14.9,-4.6902,0.721467
5644,19.95,-4.8238,0.668432
5679,24.78,-4.8759,0.656958
6418,3.92,-4.6506,0.44
5837,18.82,-4.8629,0.606027
5852,11.84,-4.8668,0.601264
5939,18.83,-5.0072,0.573875
6012,10.74,-4.9631,0.551201
5771,18.36,-4.8247,0.627132
5483,27.19,-4.9452,0.722144
6428,3.84,-4.9437,0.44
5760,20.62,-5.0137,0.630673
6036,8.79,-4.6822,0.543807
6307,2.78,-4.722,0.462296
6005,11.76,-4.9866,0.553363
5089,20.84,-5.1964,0.860545
6123,8.05,-4.908,0.517247
6302,5.58,-4.7867,0.463768
5827,9.55,-4.5796,0.609209
5940,11.68,-4.6951,0.573562
5799,17.26,-4.8548,0.618149
6080,9.79,-5.0235,0.530327
5567,29.57,-4.8821,0.693926
5957,5.53,-4.7506,0.568258
5977,12.57,-4.9693,0.562037
6124,8.84,-4.9393,0.516944
5964,13.78,-4.7775,0.566078
6022,6.94,-4.6458,0.548116
6137,10.73,-4.7641,0.513008
5880,17.07,-4.8812,0.592405
5866,13.98,-4.8934,0.596829
5492,22.89,-4.7645,0.7191
6452,3.78,-4.6373,0.44
5711,21.52,-4.9048,0.646529
5487,36.17,-5.0355,0.720791
5963,12.6,-4.7566,0.56639
5759,17.45,-4.8037,0.630995
5760,31.24,-4.9338,0.630673
5365,29.6,-4.8643,0.762523
5812,20.09,-4.939,0.613993
6020,13.41,-4.8331,0.548733
5926,19.69,-4.9542,0.577942
5628,34.94,-4.9908,0.6737
5802,17.48,-4.8013,0.617189
5723,17.73,-4.8196,0.642634
5419,12.88,-4.5279,0.743935
6010,10.12,-4.78,0.551818
5919,9.03,-4.5905,0.580135
5835,18.06,-4.9201,0.606663
5927,7.97,-4.5086,0.577629
5856,16.78,-4.9349,0.599995
5199,23.86,-5.0187,0.820855
5740,13.88,-4.7266,0.637129
5530,28.37,-4.7807,0.706303
5393,25.05,-4.9182,0.752861
5668,33.01,-4.8744,0.660556
5923,12.62,-4.7317,0.578881
5638,8.86,-4.5643,0.670406
6498,2.38,-4.8414,0.44
5540,22.75,-5.0361,0.70295
6108,9.34,-4.8164,0.521799
6004,12.99,-4.9807,0.553672
5497,9.9,-4.5649,0.717411
5937,20.05,-4.6882,0.5745
5888,15.66,-4.8393,0.589881
6030,8.91,-4.8325,0.545653
6273,4.97,-4.6206,0.472328
5851,10.25,-4.6474,0.601581
5586,26.82,-4.7669,0.687603
6201,7.43,-4.6824,0.493753
5981,10.41,-4.9436,0.560796
5948,10.81,-4.8415,0.571064
5928,20.37,-4.8071,0.577315
5134,40.15,-5.0126,0.844206
6335,6.01,-4.7269,0.454074
5956,4.84,-4.6047,0.56857
6112,9.17,-4.8574,0.520584
5145,30.21,-4.8605,0.840233
5988,12.59,-4.8426,0.558625
5647,19.39,-4.8295,0.667445
6076,16.51,-4.6616,0.531548
5874,16.54,-4.8784,0.594299
5482,15.0,-4.6307,0.722483
5913,15.4,-4.7694,0.582018
5670,22.24,-4.9,0.659901
5831,19.49,-4.8402,0.607936
5582,6.94,-4.4918,0.688932
5829,19.9,-4.9144,0.608572
6126,10.78,-5.0419,0.516338
5462,22.58,-4.8868,0.729266
6200,11.58,-4.8193,0.494053
6118,10.46,-4.8151,0.518763
5984,16.64,-4.8098,0.559865
5781,31.66,-4.8693,0.623919
5950,16.07,-4.8564,0.57044
5935,18.66,-4.9177,0.575125
5777,23.31,-5.0044,0.625204
5695,41.76,-5.0115,0.651736
5469,26.3,-4.9202,0.726889
5791,20.83,-4.9604,0.620711
5772,18.34,-4.9327,0.626811
5842,10.39,-4.6635,0.604438
5548,10.25,-4.6306,0.700272
6053,15.41,-5.0131,0.538587
5339,30.64,-4.8503,0.771539
5360,21.81,-4.9016,0.764253
5680,18.73,-5.0952,0.656631
6346,7.48,-4.9006,0.450854
6441,3.15,-4.6573,0.44
5961,15.1,-4.988,0.567012
5537,11.51,-4.5514,0.703955
5917,15.52,-4.7821,0.580763
6016,12.26,-4.9629,0.549967
5476,21.04,-4.7948,0.724515
5996,19.1,-4.9942,0.556147
6122,6.13,-4.6733,0.51755
5673,20.93,-4.9278,0.65892
5741,16.97,-4.7818,0.636805
6427,4.07,-4.7708,0.44
6495,3.5,-4.6132,0.44
6038,11.11,-4.9842,0.543192
5041,36.68,-5.1156,0.878134
5591,24.53,-4.891,0.685942
5775,27.5,-4.9144,0.625846
5340,28.15,-4.8496,0.771191
5527,15.4,-4.6628,0.70731
6069,9.76,-5.0402,0.533687
5667,13.79,-4.6363,0.660884
6412,3.92,-4.512,0.44
6265,6.79,-4.7273,0.474696
5646,23.57,-4.9649,0.667774
5951,14.11,-4.8619,0.570128
5630,13.98,-4.649,0.673041
6272,4.88,-4.7519,0.472624
6072,9.98,-4.8638,0.53277
6301,5.5,-4.8527,0.464062
6140,5.38,-4.6561,0.512101
5253,19.25,-4.6367,0.801678
6245,7.1,-4.9097,0.480631
6468,2.71,-4.7795,0.44
5898,13.32,-4.8367,0.586732
5937,14.57,-4.9007,0.5745
5921,20.55,-4.9505,0.579508
5476,25.75,-4.907,0.724515
5958,10.74,-4.766,0.567947
6105,12.93,-4.7232,0.522711
5564,42.37,-4.9776,0.694927
5651,28.27,-4.984,0.666131
5391,29.39,-4.8135,0.75355
5976,15.67,-4.8108,0.562348
5943,15.5,-4.8304,0.572625
6287,5.78,-4.7882,0.46819
5451,27.35,-4.9124,0.733008
6376,7.87,-4.9088,0.442101
5818,16.51,-4.8645,0.612078
5257,28.84,-4.7665,0.800265
5616,7.45,-4.5909,0.677662
5522,22.42,-4.8795,0.70899
5641,23.65,-4.8128,0.669418
6261,5.79,-4.9794,0.475882
6404,3.48,-4.732,0.44
5873,5.08,-4.5379,0.594615
6301,4.78,-4.7169,0.464062
6341,6.38,-4.9128,0.452317
5342,13.06,-4.598,0.770496
6084,4.62,-4.5011,0.529106
6378,4.22,-4.606,0.441519
6042,12.22,-4.916,0.541963
5953,9.46,-4.6423,0.569505
5721,7.93,-4.5593,0.643282
6326,4.37,-4.8215,0.456713
6295,6.19,-4.657,0.46583
6256,5.12,-4.6176,0.477364
5808,17.24,-4.7678,0.615271
5279,30.0,-4.8866,0.792514
5499,22.58,-4.7472,0.716736
6281,16.68,-4.837,0.469962
5677,24.36,-5.0997,0.657612
5810,13.88,-4.694,0.614632
5648,28.79,-5.1017,0.667117
6120,8.32,-4.9404,0.518156
6253,5.64,-4.9103,0.478255
5821,23.03,-5.0648,0.611121
6441,4.57,-4.8683,0.44
6420,4.64,-4.767,0.44
5905,20.1,-5.0018,0.58453
5775,20.78,-4.8409,0.625846
6058,9.13,-4.9988,0.537054
5980,11.57,-5.01,0.561106
5600,11.12,-4.6465,0.682957
6483,3.03,-4.5632,0.44
5842,17.71,-4.7827,0.604438
6041,19.87,-4.9221,0.54227
6115,3.31,-4.5085,0.519673
5942,13.84,-5.0091,0.572937
6170,12.67,-4.8586,0.503055
5484,29.95,-4.9503,0.721806
6213,6.88,-5.0292,0.490165
5425,20.74,-4.8511,0.741881
5637,12.0,-4.6157,0.670735
5481,26.63,-4.8665,0.722821
5893,5.88,-4.533,0.588306
6038,13.36,-4.5906,0.543192
6215,12.56,-4.8644,0.489568
6453,3.42,-4.9734,0.44
5973,11.12,-5.0769,0.56328
5983,13.55,-4.8226,0.560175
6415,19.63,-4.7203,0.44
6226,22.53,-4.9938,0.486286
5562,25.52,-5.0087,0.695594
5816,19.51,-4.8246,0.612716
5574,20.66,-4.7984,0.691594
5746,29.59,-4.9769,0.63519
5612,34.22,-4.8285,0.678984
6022,8.03,-4.5727,0.548116
6070,7.92,-4.6185,0.533382
6215,6.85,-4.9435,0.489568
6203,6.79,-4.7508,0.493155
6193,5.6,-4.5496,0.496149
6328,5.22,-4.7922,0.456126
5606,24.5,-5.0051,0.68097
6361,5.02,-4.7593,0.446473
6014,10.05,-4.9118,0.550584
5214,16.57,-4.8224,0.815508
6078,7.24,-4.6435,0.530937
5971,11.44,-4.912,0.563901
6051,9.8,-4.7602,0.5392
6363,6.77,-4.8314,0.445889
6221,7.18,-4.9509,0.487777
5841,17.47,-4.779,0.604756
5682,20.62,-4.7106,0.655978
5774,18.89,-4.9428,0.626168
5993,15.02,-5.0356,0.557076
6007,9.11,-5.0415,0.552745
5100,28.53,-4.9379,0.856538
5942,13.15,-4.7911,0.572937
6327,12.07,-4.8645,0.45642
6161,8.6,-4.929,0.505764
6323,5.86,-4.9919,0.457593
6125,9.72,-4.9546,0.516641
5957,14.19,-4.8098,0.568258
5743,15.97,-4.7407,0.636159
6080,8.97,-4.776,0.530327
5565,43.63,-4.9859,0.694593
5686,11.29,-4.6367,0.654672
5470,23.68,-5.0573,0.72655
5814,17.21,-4.9752,0.613355
6051,10.24,-4.9883,0.5392
5801,7.34,-4.6879,0.617509
6366,3.83,-4.9064,0.445014
6479,3.83,-4.9203,0.44
5284,7.45,-4.5691,0.790757
6003,11.57,-4.8943,0.553981
5839,17.84,-4.856,0.605391
5965,10.92,-4.9509,0.565767
6151,8.11,-4.7776,0.508779
5892,24.67,-4.8804,0.588621
5807,26.62,-4.4998,0.61559
6223,6.24,-4.8205,0.48718
5225,8.21,-4.5591,0.811597
5809,15.87,-5.0649,0.614951
6041,10.82,-4.9885,0.54227
5790,18.86,-5.0056,0.621032
5497,12.35,-4.5339,0.717411
5785,5.33,-4.6453,0.622635
5898,6.89,-4.6094,0.586732
5731,31.2,-4.8564,0.640041
6265,5.9,-4.7919,0.474696
6051,8.61,-4.6687,0.5392
5762,18.44,-4.9057,0.630029
5897,31.9,-4.8978,0.587046
5872,14.7,-4.9889,0.594931
6084,7.81,-4.7229,0.529106
6354,4.49,-4.944,0.448516
5813,35.16,-5.0281,0.613674
6185,8.14,-4.826,0.498548
6284,10.05,-4.8914,0.469076
6001,11.35,-4.8981,0.5546
6451,3.03,-4.7111,0.44
6414,3.47,-4.7196,0.44
5134,18.99,-4.741,0.844206
5651,13.9,-4.6411,0.666131
6124,9.92,-4.8452,0.516944
5796,18.58,-4.9986,0.61911
5343,26.85,-4.9163,0.770149
5646,10.61,-4.6082,0.667774
6126,9.37,-4.9199,0.516338
6183,4.88,-4.5861,0.499149
6342,3.0,-4.7881,0.452025
6020,12.48,-4.9695,0.548733
5661,20.07,-4.7675,0.66285
6398,5.09,-4.7806,0.44
5364,34.81,-4.927,0.762869
6129,8.1,-4.9263,0.515429
6081,15.86,-4.9847,0.530021
6359,4.89,-4.8005,0.447056
5626,16.42,-4.7533,0.67436
6343,6.3,-4.8037,0.451732
6079,10.35,-4.8583,0.530632
5798,16.87,-4.8327,0.618469
5569,20.09,-5.1361,0.69326
5086,25.4,-4.7304,0.86164
5707,21.06,-4.8103,0.64783
5948,13.63,-4.8693,0.571064
5696,18.48,-4.9365,0.65141
5859,17.01,-5.0876,0.599045
5557,21.04,-4.7701,0.697263
5992,4.1,-4.5965,0.557385
6220,10.44,-4.9879,0.488075
6438,5.01,-4.6739,0.44
6377,19.91,-4.7118,0.44181
6122,10.28,-5.0602,0.51755
5999,19.84,-4.9986,0.555219
5835,29.38,-5.0429,0.606663
6091,10.35,-5.0431,0.526972
6293,5.7,-4.743,0.46642
5563,19.1,-4.9899,0.69526
6447,3.62,-4.6378,0.44
5858,16.83,-4.8596,0.599362
5860,13.98,-4.7598,0.598728
5640,30.6,-4.9128,0.669747
5967,11.49,-4.8576,0.565145
6078,10.74,-4.955,0.530937
6262,6.95,-4.8678,0.475585
5492,18.73,-4.9233,0.7191
5801,18.98,-5.0121,0.617509
6477,2.51,-4.5382,0.44
5791,10.45,-4.602,0.620711
5617,17.26,-4.9322,0.677332
6036,19.91,-4.9954,0.543807
6343,16.39,-4.51,0.451732
5688,19.65,-4.6407,0.654019
5625,25.53,-5.0457,0.67469
5669,20.93,-4.774,0.660229
5265,21.19,-4.9992,0.797443
6057,11.41,-4.7752,0.537361
6446,2.75,-4.5903,0.44
6324,17.6,-4.6081,0.4573
5939,16.0,-4.8771,0.573875
5745,21.81,-4.8339,0.635513
6197,6.71,-4.9999,0.494951
5522,43.26,-4.8466,0.70899
5737,22.81,-5.0071,0.638099
6092,11.23,-4.8881,0.526667
6006,18.26,-5.0182,0.553054
5478,23.51,-5.0115,0.723837
6293,4.39,-4.5517,0.46642
5842,17.88,-4.9266,0.604438
6039,9.04,-4.7898,0.542884
6331,9.1,-4.9751,0.455247
5532,29.42,-4.7411,0.705632
6383,13.05,-4.7742,0.440065
6461,2.26,-4.7424,0.44
5068,8.5,-4.5999,0.86822
6069,7.44,-4.7042,0.533687
6298,5.95,-4.8683,0.464946
5591,20.23,-4.9851,0.685942
5931,22.1,-4.8489,0.576376
6063,9.45,-4.8975,0.535523
6288,5.63,-4.6919,0.467895
5823,6.67,-4.5324,0.610484
6033,13.78,-4.9877,0.544729
5172,22.58,-4.733,0.830519
6175,7.54,-4.7806,0.501551
5615,22.44,-4.9468,0.677992
6420,3.35,-4.8133,0.44
5512,19.39,-4.8066,0.712354
6208,6.87,-4.6526,0.491659
5950,12.79,-4.7661,0.57044
6151,7.49,-4.5991,0.508779
5847,16.98,-4.8538,0.60285
5533,10.82,-4.5896,0.705296
6058,14.79,-5.0239,0.537054
6209,24.02,-4.9846,0.49136
5634,24.16,-5.0263,0.671723
6203,4.95,-4.8115,0.493155
5882,15.3,-4.785,0.591773
5812,18.59,-4.9843,0.613993
5965,13.82,-5.0027,0.565767
6322,5.11,-4.6822,0.457887
6048,9.67,-5.0293,0.540121
5532,24.37,-4.6787,0.705632
6300,5.26,-4.7889,0.464357
6379,6.79,-4.7523,0.441228
5892,14.79,-4.8461,0.588621
6014,12.38,-4.8514,0.550584
5774,19.79,-4.7898,0.626168
5763,16.89,-4.9197,0.629707
6197,2.06,-4.5453,0.494951
6149,8.83,-4.9633,0.509383
5888,18.17,-4.8801,0.589881
5997,15.86,-4.8799,0.555837
6103,9.76,-4.8527,0.523319
6175,6.42,-4.6851,0.501551
5613,20.48,-4.8807,0.678654
5692,33.88,-4.9955,0.652714
5905,13.36,-4.8393,0.58453
6107,11.59,-4.8247,0.522103
6373,4.16,-4.5229,0.442975
5964,19.65,-4.9148,0.566078
5533,18.74,-4.7276,0.705296
5878,18.87,-4.8988,0.593036
6394,4.1,-4.8194,0.44
5457,24.68,-4.7945,0.730966
5946,11.36,-4.8008,0.571688
5756,34.9,-4.8432,0.631962
5178,38.75,-5.122,0.828367
5951,8.91,-4.6521,0.570128
6329,4.52,-4.698,0.455833
6068,9.42,-4.7572,0.533993
5794,24.0,-4.9485,0.61975
6172,8.01,-4.9993,0.502453
6342,4.65,-4.9084,0.452025
6146,7.41,-4.951,0.510288
5759,26.47,-5.1407,0.630995
5053,23.54,-4.8379,0.873721
5893,17.92,-4.8964,0.588306
6221,10.65,-5.0303,0.487777
6108,10.17,-4.9295,0.521799
5384,25.23,-4.9134,0.755961
5705,18.57,-4.924,0.64848
5744,18.34,-4.9664,0.635836
6317,5.42,-4.997,0.459355
5797,30.78,-4.8988,0.618789
5136,36.17,-5.0663,0.843483
5350,20.35,-4.8461,0.767719
6368,5.35,-4.7047,0.444431
5752,35.61,-5.1308,0.633253
6237,6.25,-4.8264,0.48301
6150,8.76,-4.9112,0.509081
5936,11.2,-4.8028,0.574812
5838,14.59,-4.8117,0.605709
6072,10.54,-4.7835,0.53277
5675,9.04,-4.7827,0.658266
5719,19.24,-4.7931,0.643931
5431,13.5,-4.6182,0.73983
5810,27.79,-4.9055,0.614632
5965,9.68,-4.8171,0.565767
5852,17.96,-4.9563,0.601264
5572,28.72,-5.066,0.69226
5927,13.13,-4.9103,0.577629
5602,49.35,-5.0548,0.682294
6482,3.28,-4.6831,0.44
6324,5.38,-4.9034,0.4573
5403,18.57,-4.6344,0.749423
5906,14.96,-5.0351,0.584216
6485,1.85,-4.5651,0.44
6082,18.88,-5.0168,0.529716
5558,19.39,-4.7009,0.696929
5554,21.98,-4.7427,0.698265
6220,7.54,-4.8075,0.488075
6016,19.28,-5.0191,0.549967
5689,25.88,-4.8987,0.653693
6145,5.72,-4.5642,0.51059
5435,19.93,-4.7088,0.738463
5808,7.15,-4.6407,0.615271
6429,2.95,-4.4494,0.44
5476,28.16,-4.8864,0.724515
5782,18.43,-5.0412,0.623598
5767,17.57,-4.6449,0.628419
6153,9.27,-4.961,0.508176
6407,3.58,-4.7531,0.44
6297,9.88,-4.9033,0.465241
5442,21.05,-4.7852,0.736075
6189,6.42,-4.9782,0.497348
5654,14.19,-4.7191,0.665146
6497,3.0,-4.7964,0.44
5931,22.96,-4.9151,0.576376
6434,2.1,-4.774,0.44
5878,14.67,-4.8135,0.593036
6141,20.32,-5.0237,0.511799
5713,26.99,-4.9955,0.645879
5546,19.52,-4.7669,0.700941
5297,11.21,-4.7151,0.786197
5818,21.43,-4.9282,0.612078
6201,7.43,-4.9464,0.493753
6040,13.06,-5.0486,0.542577
5050,7.6,-4.5111,0.874823
5761,23.7,-5.0533,0.630351
6290,9.58,-4.964,0.467305
6007,11.68,-4.9336,0.552745
6156,7.71,-4.7446,0.507271
6180,6.91,-4.9127,0.500049
5612,10.82,-4.5668,0.678984
5989,10.89,-4.6638,0.558315
5930,18.86,-4.9264,0.576689
5642,33.11,-4.8605,0.669089
5564,17.96,-4.9304,0.694927
5508,10.98,-4.6496,0.713701
5537,25.38,-5.01,0.703955
6055,12.52,-4.9758,0.537974
6292,9.67,-4.6308,0.466715
5518,9.43,-4.6979,0.710335
6280,5.72,-4.8486,0.470258
6405,3.77,-4.5993,0.44
5752,19.09,-4.7953,0.633253
5907,21.34,-4.8617,0.583902
5774,19.64,-4.9466,0.626168
5675,19.66,-4.6667,0.658266
5576,24.55,-4.8145,0.690928
6220,6.87,-4.8081,0.488075
6030,13.61,-4.9703,0.545653
6333,5.63,-4.9518,0.45466
5557,21.96,-4.7344,0.697263
5802,20.9,-4.9771,0.617189
6076,12.09,-4.923,0.531548
5937,14.67,-4.7698,0.5745
5882,16.88,-4.7158,0.591773
5981,14.87,-4.637,0.560796
5841,19.58,-4.8631,0.604756
5879,25.66,-4.9544,0.59272
5459,19.93,-4.7311,0.730286
5836,17.09,-4.8277,0.606345
6218,7.26,-4.8465,0.488672
6045,9.22,-4.7098,0.541041
6303,7.5,-4.6537,0.463473
5717,21.51,-4.9082,0.64458
6424,3.33,-4.7124,0.44
6187,48.35,-4.9929,0.497948
6010,7.86,-4.6626,0.551818
5975,13.07,-4.8789,0.562659
5842,15.0,-4.8157,0.604438
5898,18.45,-4.8573,0.586732
5739,32.59,-5.0091,0.637452
6158,8.96,-4.9424,0.506668
5747,22.69,-4.908,0.634867
5951,15.94,-4.8896,0.570128
6240,2.3,-4.5676,0.482117
6432,4.16,-4.7415,0.44
5731,26.29,-4.9418,0.640041
6485,2.23,-4.6616,0.44
5960,12.31,-4.8312,0.567324
6243,6.45,-4.9433,0.481225
6421,1.96,-4.6289,0.44
6191,22.92,-4.9216,0.496749
5437,15.51,-4.5876,0.737781
6094,3.82,-4.5786,0.526058
5694,19.68,-5.023,0.652062
6337,4.77,-4.921,0.453488
6309,2.62,-4.7309,0.461707
6172,8.0,-4.7953,0.502453
6373,3.95,-4.6227,0.442975
5190,28.98,-4.9555,0.824071
6134,7.66,-4.7264,0.513916
5906,15.74,-4.6912,0.584216
6470,2.35,-4.9453,0.44
6120,9.56,-4.8998,0.518156
6141,8.79,-4.8867,0.511799
5461,13.08,-4.5797,0.729606
5941,18.98,-5.0476,0.57325
5957,10.53,-4.75,0.568258
5984,19.36,-4.9481,0.559865
6465,4.34,-4.6322,0.44
5695,19.39,-4.7859,0.651736
6432,4.5,-4.7892,0.44
6380,4.74,-4.6182,0.440937
5942,11.68,-4.7508,0.572937
5735,18.21,-4.9596,0.638746
5884,7.24,-4.5734,0.591142
6493,3.25,-4.7747,0.44
5973,10.31,-4.4498,0.56328
6274,7.15,-4.7465,0.472032
5184,15.64,-4.6373,0.826218
6222,11.05,-4.6245,0.487479
5696,17.46,-4.8883,0.65141
6094,10.2,-5.0182,0.526058
5814,18.09,-4.8571,0.613355
5590,12.02,-4.7102,0.686274
5343,8.15,-4.6413,0.770149
6302,15.3,-4.7391,0.463768
6198,12.97,-4.5218,0.494651
5835,18.97,-4.5836,0.606663
6330,5.42,-4.8432,0.45554
6034,10.07,-4.9237,0.544422
6140,6.47,-4.7713,0.512101
5775,23.04,-4.9121,0.625846
5974,11.51,-4.7722,0.562969
5773,21.91,-4.8882,0.626489
6158,18.88,-4.8807,0.506668
6410,3.47,-4.6255,0.44
5485,21.36,-4.8531,0.721467
5559,8.32,-4.5645,0.696595
6046,20.05,-4.8681,0.540734
5998,3.96,-4.5771,0.555528
5023,24.03,-4.7255,0.884773
6146,13.76,-4.7119,0.510288
5549,8.5,-4.6381,0.699937
5312,31.05,-4.9403,0.780948
6239,5.14,-4.6889,0.482415
5810,18.99,-4.8655,0.614632
5552,12.7,-4.6298,0.698934
6446,3.95,-4.594,0.44
6003,12.87,-4.7708,0.553981
6183,4.25,-4.4553,0.499149
6471,16.19,-4.5472,0.44
5382,42.81,-4.7466,0.756651
5779,13.41,-4.7272,0.624561
6459,3.45,-4.5475,0.44
5303,11.83,-4.5837,0.784096
5688,18.83,-4.7586,0.654019
5797,18.09,-5.0054,0.618789
6367,4.22,-4.5315,0.444723
6288,5.27,-4.7147,0.467895
5566,23.22,-4.8744,0.69426
5854,19.4,-4.9257,0.600629
6125,9.07,-4.9348,0.516641
6140,15.02,-5.0387,0.512101
6249,7.01,-4.8025,0.479442
5942,17.17,-4.7359,0.572937
5921,17.88,-4.8878,0.579508
5693,29.78,-4.8365,0.652388
6304,24.4,-4.7102,0.463179
6092,3.99,-4.6699,0.526667
5897,15.97,-4.8854,0.587046
5134,27.04,-4.8036,0.844206
5611,25.38,-4.8993,0.679315
6369,4.23,-4.9158,0.44414
5515,21.33,-4.772,0.711344
6088,10.12,-4.9899,0.527886
5933,4.07,-4.5056,0.575751
6208,5.12,-4.6204,0.491659
6184,6.66,-4.725,0.498848
6141,14.32,-4.9272,0.511799
6254,6.13,-4.8781,0.477958
5595,36.89,-4.8903,0.684615
5861,16.2,-4.8238,0.598411
5959,7.04,-4.5317,0.567635
6117,9.27,-4.8005,0.519066
5661,10.23,-4.6627,0.66285
6178,6.99,-4.7064,0.50065
5100,11.53,-4.6439,0.856538
6031,10.52,-4.8535,0.545345
5223,27.04,-4.8507,0.812308
5475,8.98,-5.0348,0.724854
5248,14.91,-5.2579,0.803445
6271,11.07,-4.5529,0.47292
6204,3.72,-4.8099,0.492856
5467,45.42,-4.8638,0.727568
5266,18.86,-4.6316,0.79709
5345,8.25,-5.0808,0.769454
5565,8.91,-4.5555,0.694593
5695,22.09,-4.806,0.651736
6143,5.6,-4.6507,0.511194
6076,9.97,-4.9668,0.531548
6270,3.7,-4.605,0.473216
6319,5.22,-4.8109,0.458768
6118,9.9,-4.8083,0.518763
