angDist,_RAJ2000,_DEJ2000,Gaia,RAJ2000,DEJ2000,SNR-G,Teff,e_Teff,logg,e_logg,FeH,e_FeH,a/Fe,e_a/Fe,GMag,e_GMag,LFlame,e_LFlame,KIC,Prot,e_Prot,Sph,e_Sph,S-index,e_S-index,SNR,logRHK,e_logRHK,Mass,e_Mass,Age,e_Age,DR7,Simbad,_RAJ2000,_DEJ2000,KOI,Svalue,logRHK,S/N,Prot,logAge,Qual,f_Qual,Protph,q_Protph,Simbad,_RA,_DE
0.082726,290.91934,37.28717,2051019683267537024,290.91934,37.28717,158.42,5986,9,4.47,0.02,-0.17,0.02,0.02,0.01,4.52,0.02,1.0,0.01,1718958,9.35,0.7,1544.0,67.9,0.232,0.004,157.88,-4.5661,0.0073,1.02,0.02,3.03,0.62,DR7,Simbad,290.9193178,37.2871553,K04053,0.214,-4.72,10.2,12.827,9.3057,0.0,bad_seeing,9.27,3,Simbad,290.91932,37.28716
0.116155,289.67175,38.29787,2051374962963038464,289.67175,38.29787,205.59,5302,6,4.52,0.01,0.12,0.02,0.01,0.01,5.32,0.02,0.6,0.006,3109550,30.17,4.88,1488.6,18.0,0.187,0.004,205.68,-4.9161,0.0098,0.9,0.01,7.52,0.43,DR7,Simbad,289.6717136,38.297855,K03225,0.192,-4.898,7.2,35.964,9.5863,0.0,bad_seeing,29.12,3,Simbad,289.67171,38.29785
0.099040,291.65018,38.40937,2052681388934740352,291.65018,38.40937,168.96,5419,7,4.45,0.01,0.18,0.02,-0.01,0.01,5.15,0.01,0.6,0.006,3342952,21.81,2.31,1348.7,38.4,0.193,0.004,169.13,-4.851,0.0096,0.96,0.01,4.39,0.64,DR7,Simbad,291.6501911,38.4093961,K03215,0.218,-4.773,3.1,24.59,9.3869,0.0,bad_seeing,,0,Simbad,291.65019,38.4094
0.284644,289.7916,39.28533,2100959501399885696,289.7916,39.28533,186.4,5407,7,4.42,0.01,0.14,0.02,0.02,0.01,5.18,0.01,0.6,0.008,4150804,28.58,3.73,965.6,26.8,0.188,0.004,186.0,-4.8875,0.0082,0.96,0.01,4.17,0.61,DR7,Simbad,289.7916425,39.2852581,K03678,0.202,-4.851,17.2,31.885,9.5162,1.0,ok,,1,Simbad,289.79164,39.28526
0.077277,291.14807,40.6694,2101507367429089664,291.14807,40.6694,112.44,5311,10,4.36,0.02,0.27,0.03,0.01,0.01,5.23,0.01,0.6,0.007,5446285,31.52,3.94,505.4,13.6,0.185,0.008,112.44,-4.9326,0.0177,0.96,0.01,5.28,1.0,DR7,Simbad,291.1480961,40.6693917,K00142,0.18,-4.935,13.4,36.455,9.6457,1.0,ok,,0,Simbad,291.1481,40.66939
0.108485,288.53082,40.9423,2102110174677569664,288.53082,40.9423,239.56,5723,5,4.47,0.01,0.21,0.01,0.0,0.01,4.63,0.01,1.0,0.01,5695396,17.73,2.34,523.4,18.8,0.174,0.003,238.37,-4.9664,0.0083,1.08,0.02,2.54,0.11,DR7,Simbad,288.5308556,40.9423136,K00283,0.199,-4.808,38.6,20.764,9.4427,1.0,ok,17.88,3,Simbad,288.53086,40.94231
0.039039,283.80952,41.04124,2103688489257523584,283.80952,41.04124,119.25,5786,11,4.34,0.02,0.1,0.03,0.04,0.01,4.5,0.02,1.0,0.02,5770074,18.44,2.31,273.3,13.2,0.189,0.006,119.38,-4.8332,0.0146,1.04,0.02,5.3,0.69,DR7,Simbad,283.8095342,41.0412383,K01928,0.166,-4.956,10.4,23.371,9.679,1.0,ok,18.55,2,Simbad,283.80953,41.04124
0.026384,284.25721,45.11867,2106807288349899392,284.25721,45.11867,102.61,6208,15,4.02,0.04,-0.32,0.04,0.08,0.02,3.38,0.11,4.0,0.1,,,,,,0.162,0.006,102.38,-5.1362,0.015,1.24,0.04,3.71,0.44,DR7,Simbad,284.2572167,45.1186644,K03541,0.111,-5.56,11.4,0.0,10.3875,1.0,ok,,1,Simbad,284.25722,45.11866
0.123760,285.33063,42.04043,2104172854190854528,285.33063,42.04043,152.93,5753,8,4.48,0.02,0.1,0.02,-0.01,0.01,4.7,0.01,1.0,0.008,6587796,10.83,0.77,4680.7,201.1,0.229,0.004,153.57,-4.601,0.0083,1.06,0.01,1.72,0.57,DR7,Simbad,285.3306253,42.0404642,K03237,0.299,-4.507,8.2,8.344,8.9571,0.0,bad_seeing,10.97,3,Simbad,285.33063,42.04046
0.158817,296.04742,42.743,2077243138673356928,296.04742,42.743,202.4,6249,7,4.16,0.02,0.11,0.02,-0.02,0.01,3.52,0.01,3.0,0.03,7215603,7.16,0.59,44.1,4.3,0.154,0.005,202.91,-5.3236,0.0133,1.32,0.01,2.12,0.11,DR7,Simbad,296.0473614,42.7429903,K01618,0.119,-5.392,10.5,16.374,10.2477,0.0,bad_seeing,,1,Simbad,296.04736,42.74299
0.079924,283.37482,43.78822,2105135854577044480,283.37482,43.78822,252.91,5907,5,4.39,0.01,0.05,0.01,0.02,0.01,4.43,0.01,1.0,0.008,7941200,17.37,2.68,244.9,9.1,0.181,0.003,249.94,-4.891,0.0075,1.08,0.02,2.66,0.08,DR7,Simbad,283.3748197,43.7882422,K00092,0.154,-5.027,10.4,22.965,9.7883,1.0,ok,16.38,3,Simbad,283.37482,43.78824
0.124997,284.48245,44.39804,2106705269988803072,284.48245,44.39804,131.76,5540,10,3.97,0.02,0.16,0.02,0.01,0.01,4.01,0.06,2.0,0.02,8349582,17.11,2.02,154.5,6.8,0.177,0.005,132.22,-4.9591,0.013,1.14,0.01,6.86,0.04,DR7,Simbad,284.4824517,44.3980053,K00122,0.146,-5.101,35.4,37.689,9.8984,1.0,ok,15.73,2,Simbad,284.48245,44.39801
0.001080,289.76051,45.4556,2127096572119535232,289.76051,45.4556,167.5,5993,8,4.29,0.02,0.05,0.02,0.0,0.01,4.07,0.01,2.0,0.02,9083564,15.02,2.12,52.7,5.2,0.168,0.004,167.18,-5.0356,0.011,1.12,0.01,4.03,0.2,DR7,Simbad,289.76051,45.4555997,K03249,0.142,-5.114,9.3,21.375,9.9168,0.0,bad_seeing,,0,Simbad,289.76051,45.4556
0.080589,290.87137,45.4103,2127402790405934464,290.87137,45.4103,140.24,6051,9,4.19,0.02,0.09,0.02,-0.02,0.01,3.73,0.04,2.0,0.03,9086251,10.24,0.95,59.3,5.3,0.172,0.005,140.37,-4.9883,0.012,1.22,0.01,3.8,0.18,DR7,Simbad,290.8714014,45.4102961,K02367,0.116,-5.449,11.0,26.338,10.2995,1.0,ok,,1,Simbad,290.8714,45.4103
0.017381,285.18996,46.02797,2107266570672734592,285.18996,46.02797,271.92,6069,5,4.29,0.01,0.18,0.01,0.02,0.01,3.73,0.02,2.0,0.02,9451706,9.76,1.04,137.4,7.4,0.168,0.003,269.97,-5.0402,0.0081,1.24,0.02,3.15,0.06,DR7,Simbad,285.1899531,46.0279706,K00271,0.146,-5.068,29.8,15.579,9.8508,1.0,ok,10.2,2,Simbad,285.18995,46.02797
0.178147,284.39429,46.24908,2107243072911617024,284.39429,46.24908,149.39,5527,9,4.38,0.02,-0.09,0.02,0.01,0.01,5.05,0.06,0.7,0.01,9573539,15.4,1.84,2855.7,95.9,0.223,0.005,150.03,-4.6628,0.0104,0.9,0.01,7.71,0.37,DR7,Simbad,284.3943292,46.2491214,K00180,0.265,-4.632,17.5,17.015,9.1732,1.0,ok,15.78,3,Simbad,284.39433,46.24912
0.049898,288.56152,46.53605,2130389785541178752,288.56152,46.53605,110.46,5297,11,4.57,0.02,0.04,0.03,-0.02,0.01,5.56,0.01,0.4,0.006,9763612,11.21,0.89,3227.4,126.8,0.222,0.007,110.54,-4.7151,0.0128,0.88,0.01,1.83,0.58,DR7,Simbad,288.5615383,46.5360558,K03465,0.329,-4.597,8.3,20.628,9.119,1.0,ok,11.13,3,Simbad,288.56154,46.53606
0.058880,293.6792,46.85276,2128215909315876352,293.6792,46.85276,600.37,5364,2,4.43,0.0,0.08,0.01,0.02,0.0,5.18,0.01,0.6,0.006,9955598,34.81,5.69,138.4,3.4,0.184,0.003,471.63,-4.927,0.0061,0.9,0.01,9.93,0.91,DR7,Simbad,293.6791761,46.8527606,K01925,0.178,-4.949,42.5,38.569,9.6671,1.0,ok,27.96,2,Simbad,293.67918,46.85276
0.113688,283.8515,47.24367,2107586872155346304,283.8515,47.24367,139.8,5898,10,4.34,0.02,-0.11,0.02,0.01,0.01,4.48,0.01,1.0,0.01,10191036,13.32,1.93,664.1,25.3,0.187,0.005,139.99,-4.8367,0.0121,1.02,0.01,4.81,0.53,DR7,Simbad,283.8514686,47.2436933,K03218,0.16,-4.977,10.1,19.942,9.7111,1.0,ok,,0,Simbad,283.85147,47.24369
0.031745,290.95792,47.40628,2129162283888866688,290.95792,47.40628,164.82,6208,9,4.35,0.02,-0.02,0.02,0.05,0.01,3.96,0.02,2.0,0.02,10337258,6.87,0.68,505.4,29.8,0.212,0.004,164.71,-4.6526,0.0083,1.16,0.01,2.44,0.33,DR7,Simbad,290.9579156,47.4062717,K00333,0.157,-4.971,10.8,11.02,9.7021,1.0,ok,7.26,3,Simbad,290.95792,47.40627
0.119782,297.78659,47.88612,2086505630781210752,297.78659,47.88612,203.71,6153,7,4.16,0.01,0.09,0.02,-0.02,0.01,3.57,0.01,3.0,0.03,10617017,7.39,0.59,70.2,6.3,0.174,0.004,204.24,-4.9642,0.0099,1.26,0.01,3.0,0.09,DR7,Simbad,297.7865406,47.8861231,K02149,0.12,-5.367,10.0,16.858,10.2232,0.0,bad_seeing,7.49,2,Simbad,297.78654,47.88612
0.068126,290.9227,48.18033,2129311439513361792,290.9227,48.18033,105.68,6300,14,4.16,0.03,-0.09,0.04,0.05,0.02,3.44,0.03,3.0,0.05,10794974,5.26,0.38,7.5,5.8,0.192,0.006,105.87,-4.7889,0.0123,1.26,0.02,2.75,0.19,DR7,Simbad,290.9227108,48.1803125,K04235,0.143,-5.079,11.7,9.636,9.8666,1.0,ok,5.4,3,Simbad,290.92271,48.18031
0.265005,290.974,48.17811,2129311576952316544,290.974,48.17811,230.07,6379,6,4.12,0.02,-0.15,0.02,0.05,0.01,3.21,0.01,4.0,0.04,10795103,6.79,0.58,40.8,4.7,0.197,0.004,229.91,-4.7523,0.0082,1.32,0.01,2.61,0.06,DR7,Simbad,290.9739253,48.1781642,K03683,0.121,-5.345,34.5,11.218,10.2116,1.0,ok,,1,Simbad,290.97393,48.17816
0.072717,297.31762,48.23936,2086715598842386688,297.31762,48.23936,157.49,5924,8,4.29,0.02,0.02,0.02,0.01,0.01,4.18,0.03,2.0,0.02,10876237,13.5,2.41,65.9,5.9,0.173,0.005,157.49,-4.9712,0.0118,1.08,0.01,5.09,0.21,DR7,Simbad,297.3176267,48.2393403,K02960,0.145,-5.092,10.7,25.372,9.8861,1.0,ok,,0,Simbad,297.31763,48.23934
0.054903,288.34488,49.02194,2132552456193741568,288.34488,49.02194,171.62,5986,8,4.2,0.02,-0.02,0.02,0.01,0.01,3.8,0.01,2.0,0.02,11290515,14.2,2.39,37.5,3.8,0.16,0.005,171.65,-5.1492,0.0128,1.1,0.02,5.98,0.37,DR7,Simbad,288.3448758,49.021925,K04716,0.14,-5.126,10.2,20.937,9.9338,1.0,ok,14.87,2,Simbad,288.34488,49.02192
0.108837,287.86142,49.26447,2132749406213494400,287.86142,49.26447,110.03,5735,11,4.44,0.02,-0.01,0.03,0.01,0.01,4.71,0.1,0.9,0.01,11395587,18.21,3.83,438.8,18.6,0.175,0.006,109.98,-4.9596,0.0144,1.0,0.02,3.83,0.74,DR7,Simbad,287.8614581,49.2644528,K00350,0.168,-4.949,11.8,26.047,9.6882,1.0,ok,20.78,2,Simbad,287.86146,49.26445
0.022285,294.46853,49.33103,2135002576119495936,294.46853,49.33103,195.13,6369,7,4.24,0.02,0.1,0.02,0.03,0.01,3.41,0.02,3.0,0.04,11460462,4.23,0.29,60.9,7.5,0.179,0.004,194.48,-4.9158,0.0093,1.36,0.01,1.61,0.12,DR7,Simbad,294.4685244,49.331025,K02110,0.103,-5.879,10.5,0.0,10.5557,0.0,bad_seeing,4.39,3,Simbad,294.46852,49.33102
0.073363,284.739,49.59839,2132215421518219392,284.739,49.59839,127.75,5906,11,4.34,0.02,-0.33,0.03,0.06,0.02,4.6,0.01,1.0,0.008,11547513,15.74,3.13,204.0,9.9,0.209,0.007,127.88,-4.6912,0.0139,0.94,0.02,6.32,0.8,DR7,Simbad,284.73903,49.5983839,K00295,0.158,-5.001,42.3,22.411,9.7549,1.0,ok,15.75,2,Simbad,284.73903,49.59838
0.723285,287.88742,46.2764,2130368310704421120,287.88742,46.2764,116.5,5923,12,4.35,0.03,-0.18,0.03,0.04,0.02,4.49,0.01,1.0,0.01,,,,,,0.177,0.006,116.24,-4.9275,0.0143,0.98,0.01,5.49,0.4,DR7,Simbad,287.8872975,46.2762178,K00115,0.147,-5.077,30.5,24.008,9.8643,1.0,ok,16.34,2,Simbad,287.8873,46.27622
0.170503,281.32746,47.58486,2119610066163204096,281.32746,47.58486,201.22,5315,6,4.45,0.01,0.01,0.02,0.03,0.01,5.46,0.02,0.5,0.006,10384298,22.11,1.84,2066.0,57.8,,,,,,0.9,0.01,2.9,1.05,DR7,Simbad,281.3274658,47.5849072,K03224,0.287,-4.649,6.8,22.639,9.1994,0.0,bad_seeing,22.7,3,Simbad,281.32747,47.58491
0.426798,290.54346,47.72584,2129370018566111232,290.54346,47.72584,173.32,5818,7,4.22,0.02,0.01,0.02,0.02,0.01,4.33,0.01,1.0,0.01,10531955,19.49,3.46,92.6,4.8,,,,,,1.04,0.03,6.25,0.07,DR7,Simbad,290.5436247,47.7258822,K02208,0.135,-5.188,8.2,32.224,10.018,1.0,ok,22.18,2,Simbad,290.54362,47.72588
0.024095,298.39526,47.81501,2086450032420061184,298.39526,47.81501,74.02,5553,18,4.46,0.03,0.19,0.04,0.01,0.01,4.87,0.02,0.9,0.02,10619192,12.02,1.0,6396.3,278.4,,,,,,1.0,0.04,6.63,1.09,DR7,Simbad,298.3952681,47.8150139,K00203,0.319,-4.501,8.4,10.269,8.9009,1.0,ok,12.27,3,Simbad,298.39527,47.81501
0.209750,288.3724,47.93356,2130979978467082240,288.3724,47.93356,67.91,5139,15,4.57,0.03,0.06,0.04,-0.02,0.01,5.72,0.02,0.4,0.006,10657406,17.84,1.4,5608.6,173.6,,,,,,0.86,0.04,3.32,2.17,DR7,Simbad,288.3724869,47.9335578,K01837,0.435,-4.467,7.9,13.28,8.8543,1.0,ok,17.89,3,Simbad,288.37249,47.93356
0.088566,283.787,48.02956,2131639960321654784,283.787,48.02956,59.73,5256,21,4.51,0.04,-0.12,0.06,0.07,0.02,5.58,0.02,0.5,0.007,10714072,10.98,0.74,6092.0,240.0,,,,,,0.86,0.06,5.72,2.39,DR7,Simbad,283.7869953,48.0295844,K04024,0.399,-4.523,7.7,16.93,8.9901,1.0,ok,11.26,3,Simbad,283.787,48.02958
0.046765,297.96155,48.24436,2086519988847378432,297.96155,48.24436,54.8,5403,25,4.35,0.05,-0.02,0.06,0.02,0.02,5.22,0.01,0.6,0.007,10878263,18.21,1.57,3858.9,125.2,,,,,,0.88,0.07,7.91,2.2,DR7,Simbad,297.9615433,48.2443722,K00341,0.283,-4.609,10.0,17.503,9.1395,1.0,ok,18.44,3,Simbad,297.96154,48.24437
0.055313,290.02592,48.33594,2129469936685285376,290.02592,48.33594,94.87,6189,16,4.11,0.03,-0.03,0.04,0.0,0.02,3.24,0.02,4.0,0.07,10916600,12.3,1.83,120.9,8.2,,,,,,1.32,0.08,3.05,0.73,DR7,Simbad,290.0258992,48.3359467,K02623,0.13,-5.22,11.4,14.362,10.0584,1.0,ok,12.47,3,Simbad,290.0259,48.33595
0.073962,290.84906,48.41601,2129500035816095744,290.84906,48.41601,77.41,5727,16,4.49,0.03,-0.03,0.04,0.01,0.01,4.56,0.35,0.9,0.02,10973664,10.59,0.75,4753.1,195.0,,,,,,0.98,0.04,3.54,1.03,DR7,Simbad,290.8490906,48.4160131,K00601,0.285,-4.549,6.6,10.675,9.0397,1.0,ok,10.86,3,Simbad,290.84909,48.41601
0.069907,290.92746,48.44355,2129509931420745728,290.92746,48.44355,66.83,5457,19,4.43,0.04,0.06,0.05,-0.01,0.02,5.19,0.04,0.6,0.02,10973814,22.9,2.15,225.7,12.0,,,,,,0.94,0.04,3.93,1.53,DR7,Simbad,290.9274717,48.4435322,K01307,0.189,-4.888,6.1,31.632,9.569,1.0,ok,28.13,2,Simbad,290.92747,48.44353
0.057730,293.35172,48.44464,2128910010388840448,293.35172,48.44464,75.04,5384,16,4.59,0.03,-0.06,0.04,-0.02,0.01,5.45,0.03,0.5,0.01,10978763,16.64,1.33,4280.7,140.2,,,,,,0.88,0.05,3.76,1.87,DR7,Simbad,293.3517144,48.4446244,K01931,0.271,-4.666,7.1,22.508,9.2239,1.0,ok,16.84,3,Simbad,293.35171,48.44462
0.079909,286.58058,48.54419,2131170056539734016,286.58058,48.54419,203.14,6213,7,4.03,0.02,-0.15,0.02,0.06,0.01,3.26,0.02,4.0,0.06,11019987,14.05,1.8,42.9,4.4,,,,,,1.32,0.07,3.05,0.73,DR7,Simbad,286.5806097,48.5441797,K03060,0.125,-5.292,10.8,16.737,10.1447,0.0,bad_seeing,13.17,3,Simbad,286.58061,48.54418
0.169988,287.02229,48.68194,2131259941615304704,287.02229,48.68194,99.08,5454,12,4.33,0.02,0.2,0.03,0.04,0.01,4.97,0.01,0.8,0.01,11075279,27.83,4.87,251.8,10.1,,,,,,0.96,0.03,7.38,0.86,DR7,Simbad,287.0223361,48.6819761,K01431,0.174,-4.954,13.3,35.394,9.6749,1.0,ok,29.78,2,Simbad,287.02234,48.68198
0.194081,285.66708,48.71956,2131920060908830720,285.66708,48.71956,99.12,5907,14,4.36,0.03,0.13,0.03,0.04,0.02,4.36,0.02,1.0,0.02,11126381,11.2,1.04,1433.5,66.3,,,,,,1.12,0.03,2.85,0.61,DR7,Simbad,285.6671597,48.7195719,K01863,0.187,-4.827,10.9,14.991,9.4711,1.0,ok,11.78,3,Simbad,285.66716,48.71957
0.285651,286.33829,48.74411,2131179952144384000,286.33829,48.74411,377.49,5906,3,4.14,0.01,0.09,0.01,0.03,0.01,3.88,0.02,2.0,0.02,11127479,19.06,2.72,54.4,3.2,,,,,,1.16,0.03,4.98,0.06,DR7,Simbad,286.3384097,48.7441019,K02792,0.127,-5.269,9.9,27.487,10.117,1.0,ok,17.4,3,Simbad,286.33841,48.7441
0.074124,290.60806,37.80189,2052604113883227904,290.60806,37.80189,101.28,5856,13,4.34,0.03,0.03,0.03,0.0,0.02,4.36,0.04,1.0,0.02,,,,,,0.167,0.008,100.89,-5.0422,0.0202,1.06,0.02,4.7,0.72,DR7,Simbad,290.6080817,37.8019014,K04581,0.143,-5.117,10.4,29.182,9.9205,1.0,ok,,1,Simbad,290.60808,37.8019
0.035132,288.86823,47.75943,2130920471701096576,288.86823,47.75943,173.06,5668,8,4.2,0.02,-0.33,0.02,0.17,0.01,4.47,0.01,1.0,0.01,,,,,,0.168,0.004,173.08,-5.035,0.0111,0.9,0.01,12.6,0.24,DR7,Simbad,288.8682261,47.7594206,K01162,0.148,-5.084,10.2,35.644,9.8743,1.0,ok,,1,Simbad,288.86823,47.75942
1.883994,294.8359,48.98218,2134799956739883008,294.8359,48.98218,122.81,5834,11,4.11,0.02,0.14,0.03,0.02,0.01,3.45,0.06,3.0,0.04,11250587,17.26,1.77,103.6,5.5,,,,,,1.16,0.06,6.3,0.07,DR7,Simbad,294.8351508,48.9823592,K00107,0.126,-5.287,8.2,30.816,10.138,0.0,bad_seeing,17.42,3,Simbad,294.83515,48.98236
0.083474,296.13281,48.9774,2134849984518946816,296.13281,48.9774,109.11,5546,11,4.44,0.02,0.13,0.03,0.01,0.01,4.98,0.01,0.7,0.008,11253827,13.06,0.98,6879.7,245.2,,,,,,0.98,0.03,3.74,0.48,DR7,Simbad,296.1327964,48.9773786,K02672,0.329,-4.498,27.6,11.027,8.9465,1.0,ok,13.31,3,Simbad,296.1328,48.97738
0.079410,292.53082,49.06171,2129700009493397504,292.53082,49.06171,96.46,5837,14,4.5,0.03,-0.01,0.04,-0.01,0.02,4.65,0.02,1.0,0.01,11298298,13.5,1.23,1823.9,67.1,,,,,,1.02,0.04,2.69,0.79,DR7,Simbad,292.5308342,49.06173,K01802,0.223,-4.698,9.2,13.388,9.2712,1.0,ok,14.01,3,Simbad,292.53083,49.06173
0.045339,292.08478,49.23747,2129759932877111296,292.08478,49.23747,80.66,5338,16,4.42,0.03,0.11,0.04,0.01,0.01,5.32,0.02,0.6,0.009,11403339,29.79,5.51,656.6,18.9,,,,,,0.92,0.04,5.86,1.55,DR7,Simbad,292.0847911,49.2374597,K02143,0.166,-5.0,6.7,41.016,9.7478,0.0,bad_seeing,30.68,2,Simbad,292.08479,49.23746
0.070906,295.57159,49.60748,2134929973989867520,295.57159,49.60748,104.87,5867,13,4.42,0.03,-0.02,0.03,0.03,0.01,4.63,0.03,1.0,0.03,11618569,15.36,2.48,205.6,11.9,,,,,,1.02,0.03,3.25,0.77,DR7,Simbad,295.5715611,49.6074739,K04792,0.162,-4.975,10.0,22.3,9.709,1.0,ok,16.41,2,Simbad,295.57156,49.60747
0.040893,296.56667,49.69625,2134889979254407168,296.56667,49.69625,70.32,6072,21,4.27,0.04,0.07,0.05,0.04,0.02,3.89,0.07,2.0,0.09,11621223,10.08,1.08,80.8,7.1,,,,,,1.18,0.05,3.51,0.41,DR7,Simbad,296.5666597,49.6962408,K00355,0.123,-5.326,9.1,20.326,10.1813,1.0,ok,10.8,2,Simbad,296.56666,49.69624
0.096647,297.48691,49.62345,2087169937658347520,297.48691,49.62345,302.31,5497,4,4.54,0.01,-0.13,0.01,0.03,0.01,5.16,0.02,0.6,0.008,11623629,24.1,4.58,313.8,10.4,,,,,,0.88,0.03,7.17,0.08,DR7,Simbad,297.4868778,49.6234331,K00365,0.183,-4.917,27.6,34.578,9.6166,1.0,ok,16.06,2,Simbad,297.48688,49.62343
0.122042,293.86526,49.80029,2135070024283455488,293.86526,49.80029,93.04,5534,14,4.29,0.03,-0.14,0.04,0.11,0.01,4.8,0.05,0.9,0.03,11716643,18.74,2.77,178.9,11.5,,,,,,0.88,0.03,13.64,0.63,DR7,Simbad,293.8652603,49.8002561,K05929,0.18,-4.928,6.6,35.009,9.6355,1.0,ok,37.72,2,Simbad,293.86526,49.80026
0.100815,295.18162,49.94578,2134950040077074432,295.18162,49.94578,53.14,5376,25,4.5,0.05,0.09,0.06,-0.01,0.02,5.27,0.05,0.6,0.008,11769890,21.51,1.85,1995.6,58.6,,,,,,0.94,0.06,3.33,1.93,DR7,Simbad,295.1816547,49.9457969,K01980,0.234,-4.75,7.7,26.425,9.3513,1.0,ok,22.49,3,Simbad,295.18165,49.9458
0.091336,295.84653,49.93613,2134959935681724416,295.84653,49.93613,68.27,5785,18,4.23,0.04,0.26,0.04,0.03,0.02,4.13,0.02,2.0,0.03,11771430,20.06,2.41,106.9,6.4,,,,,,1.14,0.03,5.02,0.77,DR7,Simbad,295.8465006,49.9361469,K02582,0.127,-5.272,9.0,33.949,10.1208,1.0,ok,,1,Simbad,295.8465,49.93615
0.010104,294.35091,50.08108,2135099985975312384,294.35091,50.08108,82.01,5354,15,4.39,0.03,0.17,0.04,0.01,0.01,5.19,0.01,0.6,0.007,11818872,29.59,2.63,929.4,24.4,,,,,,0.94,0.04,7.16,1.09,DR7,Simbad,294.3509097,50.0810772,K02581,0.188,-4.901,8.6,34.138,9.5899,1.0,ok,28.86,3,Simbad,294.35091,50.08108
0.087365,282.21292,46.71783,2119511080054847616,282.21292,46.71783,139.34,5480,9,4.17,0.02,0.27,0.02,0.01,0.01,4.45,0.02,1.0,0.01,,,,,,0.166,0.006,138.11,-5.0864,0.015,1.02,0.01,10.13,0.26,DR7,Simbad,282.2129531,46.7178214,K00717,0.131,-5.226,8.8,45.302,10.0658,1.0,ok,,0,Simbad,282.21295,46.71782
0.083085,296.23001,50.27523,2135299959652614144,296.23001,50.27523,153.55,5984,9,4.49,0.02,-0.16,0.02,0.04,0.01,4.57,0.01,1.0,0.01,11923284,9.55,0.99,1675.3,73.4,,,,,,1.02,0.01,2.42,0.31,DR7,Simbad,296.2300044,50.2752072,K02026,0.199,-4.776,10.5,13.54,9.3913,1.0,ok,9.83,3,Simbad,296.23,50.27521
0.043787,292.42108,37.68282,2051842839520109568,292.42108,37.68282,136.39,6146,10,4.21,0.02,0.03,0.03,0.03,0.02,3.78,0.02,2.0,0.04,,,,,,0.162,0.005,136.39,-5.1376,0.0124,1.2,0.01,3.27,0.19,DR7,Simbad,292.4210758,37.6828083,K02053,0.128,-5.247,11.5,18.285,10.0925,1.0,ok,10.24,2,Simbad,292.42108,37.68281
0.022878,294.99631,50.47006,2135179975446233088,294.99631,50.47006,50.84,5694,25,4.35,0.05,0.12,0.06,0.0,0.02,4.64,0.04,1.0,0.05,12019440,20.2,2.08,251.9,14.2,,,,,,1.02,0.06,6.06,1.22,DR7,Simbad,294.9963128,50.4700539,K00186,0.15,-5.064,4.3,29.552,9.8446,0.0,low_snr,21.2,2,Simbad,294.99631,50.47005
0.085306,289.35867,50.59847,2133127363335546112,289.35867,50.59847,105.06,5866,14,4.11,0.03,-0.13,0.03,0.02,0.02,3.99,0.02,2.0,0.03,,,,,,0.167,0.009,100.6,-5.0516,0.0219,1.02,0.01,8.19,0.2,DR7,Simbad,289.3586981,50.5984856,K02072,0.134,-5.202,11.1,32.159,10.0355,1.0,ok,,1,Simbad,289.3587,50.59849
0.012972,288.84863,51.20905,2133339942737149952,288.84863,51.20905,121.57,5486,11,4.33,0.02,-0.07,0.03,0.04,0.01,4.97,0.01,0.8,0.007,12403119,18.63,3.25,155.1,6.6,,,,,,0.9,0.02,10.12,1.3,DR7,Simbad,288.8486353,51.2090486,K01478,0.163,-5.008,27.1,38.843,9.7851,1.0,ok,33.09,2,Simbad,288.84864,51.20905
0.042457,289.88065,51.27708,2133259953266229248,289.88065,51.27708,85.12,5613,15,4.42,0.03,0.04,0.04,0.0,0.01,4.77,0.03,0.9,0.01,12404954,20.77,2.3,589.5,19.1,,,,,,0.96,0.03,7.58,0.44,DR7,Simbad,289.8806319,51.2770767,K00361,0.154,-5.047,11.7,33.488,9.7169,1.0,ok,23.77,2,Simbad,289.88063,51.27708
0.053709,290.08478,51.2086,2133219958530768896,290.08478,51.2086,58.7,5024,17,4.66,0.04,0.13,0.05,-0.02,0.01,5.83,0.03,0.4,0.009,12405333,13.43,1.18,2686.3,103.7,,,,,,0.86,0.05,3.82,2.5,DR7,Simbad,290.0847597,51.2086078,K03009,0.297,-4.709,2.8,29.337,9.288,0.0,low_snr,13.69,3,Simbad,290.08476,51.20861
0.021265,289.76359,51.96261,2139299982954463232,289.76359,51.96261,158.53,5631,8,4.45,0.02,-0.04,0.02,0.02,0.01,4.9,0.01,0.8,0.007,12735740,19.39,3.0,382.4,13.2,,,,,,0.94,0.02,5.7,0.8,DR7,Simbad,289.7635972,51.9626139,K03663,0.188,-4.872,8.8,26.841,9.5432,1.0,ok,23.77,2,Simbad,289.7636,51.96261
1.068543,291.36479,37.60888,2052529961264218112,291.36479,37.60888,68.7,5048,15,4.65,0.03,0.0,0.05,-0.01,0.01,5.94,0.02,0.3,0.005,2302548,12.18,0.85,4689.8,176.0,,,,,,0.84,0.04,2.6,2.02,DR7,Simbad,291.3647561,37.6091756,K00988,0.566,-4.382,6.7,8.522,8.4927,1.0,ok,12.55,3,Simbad,291.36476,37.60918
0.026622,290.32867,37.72311,2051100046392295424,290.32867,37.72311,71.44,5702,19,4.54,0.04,-0.01,0.05,0.0,0.02,4.93,0.1,0.8,0.01,2438513,13.13,1.07,3155.6,116.4,,,,,,1.0,0.04,1.75,0.99,DR7,Simbad,290.3286642,37.7231158,K01944,0.275,-4.587,8.5,13.467,9.1041,1.0,ok,13.31,3,Simbad,290.32866,37.72312
0.097175,291.68335,37.75159,2051810056025931776,291.68335,37.75159,163.62,5554,8,4.45,0.02,-0.07,0.02,0.0,0.01,5.05,0.02,0.7,0.007,2444412,21.96,2.67,790.9,23.5,,,,,,0.92,0.01,5.56,0.98,DR7,Simbad,291.6833619,37.7515647,K00103,0.212,-4.8,28.4,26.833,9.4291,1.0,ok,22.97,3,Simbad,291.68336,37.75156
0.141650,290.42079,37.85181,2051109941996945408,290.42079,37.85181,164.34,5449,9,4.38,0.02,-0.08,0.02,0.02,0.01,5.06,0.02,0.7,0.008,2571238,19.83,2.18,86.9,4.0,,,,,,0.86,0.02,11.95,0.28,DR7,Simbad,290.4208314,37.8517881,K00084,0.165,-5.0,22.8,38.129,9.7477,1.0,ok,20.23,2,Simbad,290.42083,37.85179
0.129015,292.6275,37.86014,2051869979409645568,292.6275,37.86014,175.1,6183,8,4.27,0.02,0.1,0.02,-0.01,0.01,3.84,0.01,2.0,0.02,2581316,7.87,0.7,99.1,6.7,,,,,,1.24,0.02,1.82,0.37,DR7,Simbad,292.627455,37.8601353,K03681,0.139,-5.12,25.7,13.82,9.9272,1.0,ok,,1,Simbad,292.62745,37.86014
0.014191,285.66165,37.9645,2099859951110324224,285.66165,37.9645,93.12,5438,12,4.43,0.02,0.07,0.03,0.01,0.01,5.04,0.01,0.7,0.008,2692377,22.27,1.87,908.8,27.0,,,,,,0.92,0.03,8.68,0.71,DR7,Simbad,285.661645,37.9645,K00299,0.22,-4.772,24.3,25.402,9.3857,1.0,ok,23.42,2,Simbad,285.66164,37.9645
0.066084,286.22324,38.25817,2099960006668451840,286.22324,38.25817,69.9,6131,21,4.14,0.04,0.06,0.05,0.03,0.02,3.77,0.02,2.0,0.04,3098810,8.94,1.04,21.0,4.6,,,,,,1.2,0.05,3.25,0.38,DR7,Simbad,286.2232222,38.2581581,K01878,0.138,-5.132,11.3,14.155,9.9417,1.0,ok,,1,Simbad,286.22322,38.25816
0.092486,291.4183,38.67236,2052750001028726784,291.4183,38.67236,181.08,5584,7,4.24,0.02,-0.27,0.02,0.08,0.01,4.87,0.01,0.8,0.006,3544595,27.95,3.57,21.4,1.1,,,,,,0.86,0.01,12.51,0.58,DR7,Simbad,291.4182856,38.6723369,K00069,0.163,-5.004,53.1,35.669,9.7533,1.0,ok,,1,Simbad,291.41829,38.67234
0.213668,294.11073,38.71028,2052189937293328384,294.11073,38.71028,67.77,5885,21,4.27,0.05,-0.12,0.05,0.04,0.02,4.5,0.02,1.0,0.02,3656121,14.4,1.49,415.8,19.2,,,,,,0.98,0.05,5.82,0.89,DR7,Simbad,294.1107669,38.7102281,K00386,0.152,-5.028,9.6,19.709,9.7904,1.0,ok,14.39,2,Simbad,294.11077,38.71023
0.153067,288.86742,39.26497,2099520064578387968,288.86742,39.26497,254.69,6202,5,4.47,0.01,-0.07,0.01,-0.02,0.01,3.96,0.01,2.0,0.01,4147444,4.16,0.29,2711.4,172.0,,,,,,1.14,0.01,2.53,0.06,DR7,Simbad,288.8673681,39.2649561,K03880,0.232,-4.624,10.1,4.688,9.1615,0.0,bad_seeing,,0,Simbad,288.86737,39.26496
0.104300,289.66442,48.70622,2129495057954829952,289.66442,48.70622,247.45,5944,5,4.29,0.01,-0.06,0.01,0.01,0.01,4.07,0.05,2.0,0.07,,,,,,0.181,0.004,247.47,-4.8903,0.0091,1.08,0.01,5.99,0.3,DR7,Simbad,289.6644169,48.7061911,K00276,0.139,-5.146,10.9,25.072,9.962,1.0,ok,,0,Simbad,289.66442,48.70619
1.294806,288.39527,39.87299,2099779961639403520,288.39527,39.87299,221.67,5822,6,4.17,0.01,0.15,0.01,-0.01,0.01,3.88,0.01,2.0,0.02,4735826,20.63,3.21,122.0,4.5,,,,,,1.16,0.01,5.35,0.06,DR7,Simbad,288.3952881,39.8726306,K03184,0.14,-5.138,9.4,27.078,9.9524,1.0,ok,19.53,2,Simbad,288.39529,39.87263
0.244079,297.39362,39.82904,2073650067805306880,297.39362,39.82904,71.28,6274,21,4.17,0.04,0.08,0.05,0.01,0.02,3.12,0.06,4.0,0.09,4770174,5.59,0.42,116.0,10.4,,,,,,1.4,0.04,2.39,0.17,DR7,Simbad,297.3937072,39.8290506,K02971,0.138,-5.132,8.3,11.107,9.942,0.0,bad_seeing,5.78,3,Simbad,297.39371,39.82905
0.080834,283.99508,39.917,2103309943720378368,283.99508,39.917,126.05,5657,10,4.46,0.02,-0.15,0.03,0.0,0.01,4.96,0.02,0.8,0.007,4814502,6.21,0.45,4523.0,243.9,,,,,,0.9,0.03,6.39,0.52,DR7,Simbad,283.9950964,39.9170186,K04004,0.32,-4.494,8.9,9.761,8.9261,0.0,bad_seeing,6.21,3,Simbad,283.9951,39.91702
0.054548,286.77145,39.98382,2100500004316643328,286.77145,39.98382,62.68,5576,19,4.51,0.04,0.06,0.05,-0.02,0.02,5.03,0.05,0.7,0.01,4820550,14.39,1.09,2747.6,97.3,,,,,,0.98,0.05,2.75,1.16,DR7,Simbad,286.7714431,39.9838058,K03823,0.266,-4.627,8.9,16.695,9.1656,1.0,ok,14.52,3,Simbad,286.77144,39.98381
0.720309,289.41759,39.94498,2101250008685740032,289.41759,39.94498,95.25,5293,13,4.48,0.02,-0.03,0.03,0.01,0.01,5.37,0.04,0.5,0.006,4827723,21.96,1.89,2677.2,75.9,,,,,,0.86,0.03,9.79,1.73,DR7,Simbad,289.4178425,39.9450306,K00632,0.298,-4.621,10.7,20.677,9.0784,1.0,ok,21.77,3,Simbad,289.41784,39.94503
0.065123,296.88577,40.22823,2073720024232624128,296.88577,40.22823,91.03,6235,16,4.4,0.03,0.08,0.04,0.02,0.02,3.93,0.13,2.0,0.03,5120087,7.65,1.0,266.8,17.5,,,,,,1.22,0.03,1.27,0.24,DR7,Simbad,296.8857508,40.2282194,K00639,0.152,-5.017,10.8,13.416,9.7731,1.0,ok,8.65,2,Simbad,296.88575,40.22822
0.044977,297.94017,40.27864,2073680029497163776,297.94017,40.27864,57.58,6086,27,4.32,0.06,-0.36,0.07,0.07,0.03,4.34,0.01,1.0,0.02,5124667,10.7,1.36,103.2,6.6,,,,,,1.0,0.07,4.21,1.17,DR7,Simbad,297.9401633,40.2786286,K01822,0.14,-5.122,9.7,18.095,9.9289,0.0,bad_seeing,11.69,3,Simbad,297.94016,40.27863
0.003001,284.63518,40.71984,2103452266056715392,284.63518,40.71984,280.34,6148,4,4.3,0.01,0.04,0.01,0.02,0.01,3.97,0.01,2.0,0.01,,,,,,0.2,0.003,277.93,-4.7332,0.0069,1.18,0.01,2.02,0.31,DR7,Simbad,284.6351811,40.71984,K00257,0.16,-4.957,11.3,12.212,9.6799,1.0,ok,7.94,2,Simbad,284.63518,40.71984
0.098788,297.06961,40.52513,2073730057276227584,297.06961,40.52513,148.51,5690,9,4.54,0.02,0.02,0.02,0.01,0.01,4.77,0.01,0.9,0.007,5383248,14.9,1.4,957.3,32.5,,,,,,0.98,0.02,4.77,0.11,DR7,Simbad,297.0696397,40.5251456,K00261,0.229,-4.71,39.2,18.037,9.2901,1.0,ok,15.17,3,Simbad,297.06964,40.52515
1.259012,288.47447,40.65153,2102069969482153984,288.47447,40.65153,50.7,5976,28,3.94,0.06,-0.21,0.07,0.1,0.03,3.27,0.02,4.0,0.1,5437945,17.68,1.31,34.4,4.9,,,,,,1.32,0.08,3.59,0.6,DR7,Simbad,288.4748558,40.6513386,K03791,0.126,-5.281,11.6,23.241,10.131,1.0,ok,18.6,2,Simbad,288.47486,40.65134
0.348296,292.57775,40.66777,2053519934046076928,292.57775,40.66777,97.39,6211,17,4.39,0.03,-0.04,0.04,0.04,0.02,4.12,0.01,2.0,0.02,5450893,8.72,0.98,28.0,4.8,,,,,,1.14,0.04,1.6,0.45,DR7,Simbad,292.5777847,40.6678631,K02970,0.13,-5.23,11.5,18.415,10.0704,1.0,ok,9.45,3,Simbad,292.57778,40.66786
0.033306,284.36901,40.71849,2103639934647664640,284.36901,40.71849,106.0,5845,13,4.4,0.03,-0.09,0.03,0.02,0.01,4.66,0.02,1.0,0.02,5513893,18.91,1.81,175.3,8.4,,,,,,0.98,0.03,4.64,0.43,DR7,Simbad,284.3690222,40.7184903,K02741,0.161,-4.987,10.3,24.708,9.7271,1.0,ok,,0,Simbad,284.36902,40.71849
0.012429,282.58282,42.34634,2104768828150994304,282.58282,42.34634,113.21,5605,12,4.25,0.02,0.12,0.03,0.0,0.01,4.37,0.02,1.0,0.02,,,,,,0.175,0.006,113.42,-4.9682,0.0158,1.0,0.01,9.85,0.35,DR7,Simbad,282.5828236,42.3463422,K04674,0.15,-5.07,9.0,34.327,9.853,1.0,ok,,1,Simbad,282.58282,42.34634
0.171406,295.1391,40.97906,2076659980886343680,295.1391,40.97906,56.65,6253,24,4.18,0.05,0.09,0.06,0.01,0.02,3.36,0.09,4.0,0.09,5716932,5.91,0.46,106.3,11.8,,,,,,1.36,0.05,2.46,0.23,DR7,Simbad,295.139045,40.9790833,K02358,0.121,-5.356,11.2,13.579,10.2117,1.0,ok,5.88,2,Simbad,295.13904,40.97908
0.016253,297.71487,41.10428,2073869970130862080,297.71487,41.10428,104.27,5824,12,4.46,0.03,0.04,0.03,0.04,0.01,4.55,0.01,1.0,0.01,5898983,9.68,0.71,6174.8,257.7,,,,,,1.04,0.03,4.13,0.33,DR7,Simbad,297.7148747,41.1042828,K03422,0.298,-4.509,9.8,8.339,8.9608,1.0,ok,,0,Simbad,297.71487,41.10428
0.148326,284.40993,41.2375,2103670033778475008,284.40993,41.2375,57.14,5770,22,4.5,0.04,-0.1,0.06,0.0,0.02,4.8,0.03,0.9,0.02,5941160,19.52,1.94,468.9,18.8,,,,,,0.96,0.05,4.34,1.15,DR7,Simbad,284.4099186,41.2374597,K00654,0.173,-4.926,10.2,25.178,9.63,1.0,ok,19.12,3,Simbad,284.40992,41.23746
0.103203,299.31955,41.38464,2075159972148150272,299.31955,41.38464,110.15,5242,10,4.66,0.02,0.1,0.03,-0.01,0.01,5.53,0.01,0.5,0.006,6071903,17.47,1.43,4502.5,139.9,,,,,,0.9,0.02,2.79,1.17,DR7,Simbad,299.3195711,41.3846639,K00306,0.404,-4.47,21.0,12.815,8.8786,1.0,ok,17.6,3,Simbad,299.31957,41.38466
0.046374,291.38775,44.52911,2126237131982289280,291.38775,44.52911,145.79,6077,10,4.02,0.02,-0.05,0.02,0.0,0.02,3.23,0.16,4.0,0.1,,,,,,0.165,0.005,146.06,-5.0807,0.0136,1.22,0.04,4.83,0.51,DR7,Simbad,291.3877558,44.5290978,K00370,0.126,-5.279,22.8,20.329,10.1296,1.0,ok,,1,Simbad,291.38776,44.5291
0.035854,289.68671,41.58892,2101489977098502144,289.68671,41.58892,170.27,5826,7,4.43,0.02,0.05,0.02,0.01,0.01,4.52,0.02,1.0,0.01,6198182,16.39,2.46,633.7,22.0,,,,,,1.04,0.02,4.22,0.24,DR7,Simbad,289.6867056,41.5889294,K02636,0.179,-4.883,9.9,21.034,9.5623,1.0,ok,16.55,3,Simbad,289.68671,41.58893
0.029739,294.6741,42.07558,2077540002505424896,294.6741,42.07558,96.17,5249,11,4.37,0.02,0.35,0.03,0.02,0.01,5.28,0.01,0.6,0.006,6616218,25.58,2.56,2296.0,91.0,,,,,,0.94,0.01,6.91,0.24,DR7,Simbad,294.6741111,42.0755794,K01692,0.252,-4.711,18.3,25.027,9.2909,1.0,ok,26.99,3,Simbad,294.67411,42.07558
0.023054,290.03052,42.16605,2101899957496709120,290.03052,42.16605,85.8,5859,16,4.02,0.03,0.2,0.04,-0.01,0.02,3.56,0.09,3.0,0.05,6685609,16.07,2.22,330.7,13.6,,,,,,1.2,0.07,5.87,0.07,DR7,Simbad,290.0305197,42.1660436,K00665,0.144,-5.098,9.9,22.929,9.8938,1.0,ok,15.93,2,Simbad,290.03052,42.16604
0.229641,298.08716,42.16435,2078420024124506112,298.08716,42.16435,65.04,5671,19,4.59,0.04,-0.04,0.04,0.05,0.02,4.88,0.02,0.8,0.01,6717252,16.42,1.66,1511.4,51.8,,,,,,1.0,0.05,3.29,1.32,DR7,Simbad,298.0870761,42.1643642,K04651,0.178,-4.911,5.1,27.151,9.6059,0.0,bad_seeing,16.76,3,Simbad,298.08708,42.16436
0.098304,287.698,42.33872,2102550043746631680,287.698,42.33872,144.21,5434,9,4.46,0.02,0.03,0.03,0.02,0.01,5.09,0.01,0.7,0.007,6850504,26.3,2.98,294.4,9.1,,,,,,0.92,0.03,7.33,1.38,DR7,Simbad,287.6980139,42.3386947,K00070,0.175,-4.953,30.0,36.127,9.6746,1.0,ok,27.92,2,Simbad,287.69801,42.33869
0.108917,296.10408,42.34258,2077220044621742080,296.10408,42.34258,66.81,5890,21,4.44,0.04,0.0,0.05,0.02,0.02,4.49,0.01,1.0,0.01,6879171,10.09,0.79,1602.7,68.3,,,,,,1.04,0.05,3.87,0.83,DR7,Simbad,296.1040472,42.3425981,K04188,0.24,-4.637,6.7,10.473,9.1803,1.0,ok,10.46,3,Simbad,296.10405,42.3426
0.023095,281.56146,42.4505,2104729962987651072,281.56146,42.4505,147.12,5913,9,4.42,0.02,-0.04,0.02,0.0,0.01,4.51,0.02,1.0,0.02,6922710,13.52,1.88,715.3,26.6,,,,,,1.04,0.02,2.78,0.74,DR7,Simbad,281.5614606,42.4504936,K02087,0.154,-5.021,8.9,21.955,9.7799,0.0,bad_seeing,14.05,3,Simbad,281.56146,42.45049
0.094533,298.99509,45.90951,2085449103185619200,298.99509,45.90951,134.02,5546,9,4.22,0.02,0.27,0.02,0.01,0.01,4.49,0.02,1.0,0.02,,,,,,0.18,0.006,134.15,-4.9315,0.0138,1.04,0.01,8.17,0.36,DR7,Simbad,298.9951244,45.9094992,K01411,0.14,-5.146,18.0,38.831,10.0961,1.0,ok,,1,Simbad,298.99512,45.9095
0.048576,281.91567,42.77552,2104840051589382144,281.91567,42.77552,155.29,6206,10,4.22,0.02,-0.21,0.03,0.03,0.01,3.99,0.01,2.0,0.01,7175184,8.1,1.77,71.3,5.6,,,,,,1.08,0.02,4.06,0.23,DR7,Simbad,281.915655,42.7755122,K00369,0.14,-5.12,11.6,14.271,9.9251,1.0,ok,8.21,3,Simbad,281.91565,42.77551
0.078354,292.61508,42.76425,2125750013970612224,292.61508,42.76425,305.92,5697,4,4.37,0.01,-0.1,0.01,0.04,0.01,4.74,0.01,0.9,0.007,7202957,14.27,1.18,2036.5,69.7,,,,,,0.92,0.03,8.05,1.29,DR7,Simbad,292.6151094,42.7642528,K02687,0.248,-4.647,51.8,14.755,9.1953,1.0,ok,14.44,3,Simbad,292.61511,42.76425
0.027380,295.57417,42.80644,2077989977639092224,295.57417,42.80644,114.92,5420,10,4.52,0.02,0.07,0.03,-0.02,0.01,5.24,0.02,0.6,0.006,7295235,20.32,1.67,1366.7,40.8,,,,,,0.94,0.03,3.62,1.1,DR7,Simbad,295.5741789,42.8064361,K00987,0.237,-4.734,9.5,24.885,9.3294,1.0,ok,20.36,3,Simbad,295.57418,42.80644
0.048038,295.87229,42.88114,2077250006313598976,295.87229,42.88114,118.38,5698,11,4.08,0.02,0.15,0.03,0.02,0.01,3.8,0.0,2.0,0.009,7296438,25.89,2.12,150.9,3.1,,,,,,1.18,0.03,6.17,0.59,DR7,Simbad,295.8723064,42.8811342,K00364,0.146,-5.097,45.3,30.467,9.8993,1.0,ok,,0,Simbad,295.87231,42.88113
0.076175,297.46533,42.88284,2078519942243680256,297.46533,42.88284,60.42,5921,22,4.46,0.05,-0.12,0.05,0.01,0.02,4.53,0.02,1.0,0.02,7303287,8.6,0.62,5019.6,225.0,,,,,,1.0,0.05,4.25,0.91,DR7,Simbad,297.4653067,42.8828525,K01353,0.248,-4.609,8.5,9.368,9.193,1.0,ok,8.85,3,Simbad,297.46531,42.88285
0.153653,292.23492,42.90947,2125809937354326016,292.23492,42.90947,111.26,5788,11,4.31,0.03,-0.47,0.03,0.11,0.01,4.88,0.01,0.9,0.008,7364176,18.23,3.64,26.6,3.1,,,,,,0.86,0.03,8.96,0.52,DR7,Simbad,292.2349089,42.9094281,K00373,0.142,-5.131,10.2,35.092,9.9412,1.0,ok,,1,Simbad,292.23491,42.90943
0.316488,285.43923,43.16842,2105740001856716800,285.43923,43.16842,92.16,5235,13,4.62,0.02,0.08,0.04,0.05,0.01,5.77,0.02,0.4,0.006,7509886,13.71,1.02,7144.9,250.1,,,,,,0.88,0.03,0.13,0.09,DR7,Simbad,285.4391419,43.16848,K00678,0.474,-4.442,7.4,12.017,8.7744,1.0,ok,13.79,3,Simbad,285.43914,43.16848
0.074989,292.78461,43.21598,2125880031220596736,292.78461,43.21598,54.53,5594,21,4.43,0.04,0.21,0.05,-0.05,0.02,4.81,0.02,0.9,0.01,7610663,10.32,0.8,5000.9,203.4,,,,,,1.02,0.05,3.94,1.25,DR7,Simbad,292.7845828,43.2159864,K04160,0.297,-4.534,9.6,10.921,9.0121,1.0,ok,10.43,3,Simbad,292.78458,43.21599
0.039448,287.34573,43.37839,2105620017650335744,287.34573,43.37839,122.66,6339,13,4.11,0.03,-0.18,0.03,0.05,0.02,3.47,0.02,3.0,0.04,7670943,5.14,0.41,13.0,2.6,,,,,,1.24,0.03,2.77,0.29,DR7,Simbad,287.345745,43.3783911,K00269,0.138,-5.129,11.8,10.145,9.9373,1.0,ok,6.11,2,Simbad,287.34574,43.37839
0.046851,288.37024,43.35461,2102949991101235200,288.37024,43.35461,85.8,6123,18,4.23,0.04,-0.2,0.05,0.04,0.02,4.21,0.02,2.0,0.02,7673192,9.1,1.02,259.2,15.2,,,,,,1.06,0.05,3.54,0.71,DR7,Simbad,288.3702228,43.3546064,K02722,0.153,-5.013,11.4,14.761,9.7684,1.0,ok,9.13,2,Simbad,288.37022,43.35461
0.048790,290.87229,43.333,2126059938810691584,290.87229,43.333,115.89,6141,12,4.07,0.03,-0.24,0.03,0.08,0.02,3.6,0.01,3.0,0.03,7679812,9.03,0.73,84.4,6.7,,,,,,1.16,0.05,4.5,0.53,DR7,Simbad,290.8722828,43.3329875,K03943,0.128,-5.246,10.7,16.643,10.0896,0.0,bad_seeing,,1,Simbad,290.87228,43.33299
0.043833,294.86618,48.63898,2128776801985730048,294.86618,48.63898,129.09,5932,11,4.19,0.02,-0.18,0.03,0.06,0.02,3.9,0.02,2.0,0.04,,,,,,0.186,0.005,129.2,-4.8489,0.0121,1.06,0.01,6.84,0.4,DR7,Simbad,294.8661761,48.6389919,K02977,0.131,-5.221,10.9,26.264,9.9913,1.0,ok,20.0,2,Simbad,294.86618,48.63899
0.075962,295.43915,43.67631,2078100066240823296,295.43915,43.67631,52.28,6293,29,4.14,0.06,-0.08,0.07,-0.02,0.03,3.38,0.11,3.0,0.03,7902003,5.24,0.39,33.8,5.4,,,,,,1.28,0.06,2.59,0.49,DR7,Simbad,295.4391222,43.6763036,K03236,0.126,-5.278,8.8,12.012,10.1272,0.0,bad_seeing,5.31,3,Simbad,295.43912,43.6763
0.178924,280.24945,43.91506,2117150046335008768,280.24945,43.91506,226.56,6124,6,4.32,0.01,-0.17,0.02,0.08,0.01,3.9,0.01,2.0,0.02,8073705,22.39,1.8,97.4,4.4,,,,,,1.1,0.03,4.77,0.06,DR7,Simbad,280.2494689,43.9151078,K03245,0.14,-5.122,9.2,18.596,9.9275,0.0,bad_seeing,22.33,3,Simbad,280.24947,43.91511
0.034034,291.02858,43.91367,2126099933546151936,291.02858,43.91367,50.95,5500,26,4.45,0.05,-0.09,0.06,0.03,0.02,5.18,0.02,0.6,0.01,8095441,21.34,2.52,402.1,14.6,,,,,,0.9,0.06,6.35,2.19,DR7,Simbad,291.0285814,43.9136794,K02743,0.192,-4.868,8.6,29.646,9.5369,1.0,ok,25.33,3,Simbad,291.02858,43.91368
0.149634,298.40298,45.29723,2079403880876910464,298.40298,45.29723,194.17,5983,7,4.35,0.01,0.04,0.02,0.01,0.01,4.32,0.02,1.0,0.02,,,,,,0.178,0.004,193.59,-4.9184,0.0095,1.1,0.01,3.02,0.24,DR7,Simbad,298.4029233,45.2972183,K03227,0.111,-5.539,9.0,0.0,10.3724,0.0,bad_seeing,,0,Simbad,298.40292,45.29722
0.026305,291.87133,44.08739,2126159994368819200,291.87133,44.08739,52.68,5892,29,4.34,0.06,-0.16,0.07,0.04,0.03,4.63,0.04,1.0,0.02,8165946,17.83,2.78,195.4,10.0,,,,,,0.98,0.07,4.96,1.44,DR7,Simbad,291.8713356,44.0873839,K02105,0.16,-4.99,10.4,23.565,9.7315,1.0,ok,16.53,2,Simbad,291.87134,44.08738
0.034950,281.83533,44.15592,2105290026723049472,281.83533,44.15592,331.74,6137,4,4.19,0.01,0.07,0.01,0.03,0.01,3.54,0.01,3.0,0.02,8212002,8.59,0.75,106.5,6.7,,,,,,1.26,0.03,3.31,0.04,DR7,Simbad,281.8353422,44.1559242,K02593,0.112,-5.527,9.3,0.0,10.3634,0.0,bad_seeing,8.76,3,Simbad,281.83534,44.15592
0.821762,294.45386,44.14597,2078330001609981952,294.45386,44.14597,95.1,5709,13,4.38,0.03,0.04,0.03,0.01,0.01,4.72,0.02,1.0,0.009,8240797,19.53,2.95,339.5,12.0,,,,,,1.0,0.03,4.94,0.4,DR7,Simbad,294.4536908,44.1457767,K01809,0.172,-4.934,28.7,27.155,9.6438,1.0,ok,21.39,3,Simbad,294.45369,44.14578
0.082935,281.95569,44.26153,2105389944842223616,281.95569,44.26153,93.49,6147,15,4.07,0.03,0.05,0.04,0.01,0.02,3.03,0.02,5.0,0.09,8278685,9.99,0.73,47.1,6.5,,,,,,1.28,0.08,4.25,0.05,DR7,Simbad,281.9557114,44.2615128,K04435,0.121,-5.35,11.0,14.701,10.2058,1.0,ok,10.37,2,Simbad,281.95571,44.26151
0.030271,291.53921,44.44706,2126189956060676096,291.53921,44.44706,62.0,6157,25,4.18,0.05,0.1,0.06,0.04,0.02,3.65,0.06,3.0,0.06,8430053,24.5,1.79,295.6,7.9,,,,,,1.26,0.05,3.02,0.32,DR7,Simbad,291.5392056,44.4470522,K04603,0.136,-5.137,9.1,12.183,9.949,1.0,ok,,1,Simbad,291.53921,44.44705
0.063106,296.29058,44.42325,2079699993098190848,296.29058,44.42325,213.69,6210,6,4.36,0.01,-0.14,0.02,0.0,0.01,4.18,0.02,2.0,0.01,8443527,7.05,0.73,788.4,40.0,,,,,,1.1,0.03,1.55,0.07,DR7,Simbad,296.2905556,44.4232519,K03197,0.178,-4.849,10.3,9.701,9.5064,1.0,ok,7.23,3,Simbad,296.29056,44.42325
0.031089,292.92912,48.60281,2128925579652377472,292.92912,48.60281,101.63,5980,14,4.25,0.03,-0.16,0.04,0.06,0.02,4.13,0.08,2.0,0.03,,,,,,0.167,0.006,101.44,-5.0412,0.0159,1.06,0.02,6.49,0.55,DR7,Simbad,292.9291325,48.6028125,K00124,0.134,-5.198,10.3,26.311,10.0307,1.0,ok,,1,Simbad,292.92913,48.60281
0.025436,284.05962,44.51817,2106670051254861824,284.05962,44.51817,408.87,5384,3,4.51,0.01,-0.25,0.01,0.05,0.0,5.45,0.0,0.5,0.005,8478994,23.54,3.84,355.7,9.9,,,,,,0.84,0.03,5.86,0.14,DR7,Simbad,284.059615,44.5181639,K00245,0.206,-4.86,47.2,35.186,9.5248,1.0,ok,,0,Simbad,284.05961,44.51816
0.011186,291.65317,44.68828,2126569974767026176,291.65317,44.68828,69.59,5867,20,4.33,0.04,0.12,0.05,-0.01,0.02,4.36,0.01,1.0,0.01,8559644,16.22,2.19,219.5,10.5,,,,,,1.1,0.04,3.8,0.72,DR7,Simbad,291.6531697,44.6882769,K00139,0.15,-5.055,19.4,24.609,9.8314,0.0,bad_seeing,17.14,2,Simbad,291.65317,44.68828
0.058444,298.57687,44.62161,2079099934627332096,298.57687,44.62161,136.61,5914,11,4.31,0.02,-0.11,0.03,0.03,0.01,4.39,0.02,1.0,0.01,8581240,20.87,3.41,121.7,5.7,,,,,,1.02,0.01,5.52,0.19,DR7,Simbad,298.5768483,44.621615,K03111,0.134,-5.193,10.6,28.194,10.0243,1.0,ok,17.39,2,Simbad,298.57685,44.62161
0.114123,293.37225,44.78514,2126430061912391680,293.37225,44.78514,57.55,5750,22,4.28,0.05,-0.07,0.05,0.02,0.02,4.64,0.02,1.0,0.02,8628758,27.38,4.46,141.2,6.5,,,,,,0.96,0.05,7.18,1.18,DR7,Simbad,293.3722503,44.7851717,K01279,0.152,-5.056,9.9,33.527,9.8322,1.0,ok,,1,Simbad,293.37225,44.78517
0.039193,290.39273,40.28487,2101175933393051008,290.39273,40.28487,170.73,5906,8,4.19,0.02,-0.03,0.02,-0.01,0.01,3.93,0.01,2.0,0.02,,,,,,0.157,0.005,171.38,-5.2113,0.0134,1.1,0.02,6.18,0.46,DR7,Simbad,290.3927228,40.2848606,K00123,0.141,-5.129,49.2,26.262,9.9374,1.0,ok,,1,Simbad,290.39272,40.28486
0.352126,290.73009,44.83605,2127010054296043520,290.73009,44.83605,89.76,6337,18,4.25,0.04,0.01,0.04,0.0,0.02,3.65,0.02,3.0,0.04,8686373,5.32,0.42,40.5,8.9,,,,,,1.26,0.03,1.8,0.23,DR7,Simbad,290.7300064,44.8361278,K04066,0.131,-5.209,12.0,10.525,10.0447,1.0,ok,5.3,2,Simbad,290.73001,44.83613
0.127484,290.48676,44.93262,2127019949900693504,290.48676,44.93262,97.41,5620,13,4.54,0.03,-0.06,0.03,0.0,0.01,4.98,0.02,0.7,0.009,8750043,11.77,0.99,6798.5,256.9,,,,,,0.94,0.04,4.57,1.09,DR7,Simbad,290.4867883,44.9325908,K02017,0.325,-4.498,9.1,10.685,8.9357,1.0,ok,12.04,3,Simbad,290.48679,44.93259
0.103904,292.87229,46.09889,2128242611132484736,292.87229,46.09889,175.02,6096,8,4.32,0.02,0.03,0.02,0.0,0.01,4.0,0.01,2.0,0.02,,,,,,0.168,0.005,175.07,-5.0428,0.0117,1.16,0.02,2.77,0.41,DR7,Simbad,292.8722692,46.098865,K02717,0.134,-5.191,32.8,20.794,10.0598,1.0,ok,,1,Simbad,292.87227,46.09886
0.480580,291.0747,45.24272,2127399968607043584,291.0747,45.24272,66.45,5907,20,4.1,0.05,0.0,0.05,0.0,0.02,3.72,0.02,2.0,0.05,8950853,16.19,2.1,77.1,6.2,,,,,,1.16,0.04,5.08,0.36,DR7,Simbad,291.0746769,45.2425875,K01412,0.126,-5.287,10.4,29.887,10.1374,1.0,ok,,1,Simbad,291.07468,45.24259
0.157460,285.2075,45.38436,2106410016754892800,285.2075,45.38436,145.43,5310,8,4.45,0.02,0.12,0.02,0.01,0.01,5.35,0.02,0.5,0.007,9006186,26.12,2.29,2146.1,55.3,,,,,,0.92,0.02,4.42,1.11,DR7,Simbad,285.2074492,45.3843347,K02169,0.258,-4.706,17.1,25.472,9.2859,1.0,ok,27.22,3,Simbad,285.20745,45.38433
0.086911,289.50635,45.371,2127260055752409088,289.50635,45.371,288.57,6038,5,4.34,0.01,0.09,0.01,0.02,0.01,4.06,0.01,2.0,0.01,9015738,10.73,1.7,244.2,14.1,,,,,,1.14,0.03,3.41,0.08,DR7,Simbad,289.5063686,45.3710203,K01616,0.14,-5.129,21.8,20.356,9.9331,1.0,ok,11.78,3,Simbad,289.50637,45.37102
0.040193,300.93738,45.49007,2082279997132767232,300.93738,45.49007,138.84,5204,8,4.45,0.02,0.26,0.02,0.02,0.01,5.47,0.03,0.5,0.006,9119568,18.6,1.4,2269.5,69.7,,,,,,0.94,0.02,3.58,0.99,DR7,Simbad,300.9373953,45.4900669,K03087,0.326,-4.593,7.9,20.242,9.1154,1.0,ok,,0,Simbad,300.9374,45.49007
0.030930,300.93542,45.59653,2082290030176370688,300.93542,45.59653,62.48,5540,22,4.39,0.04,-0.15,0.06,0.05,0.02,4.27,0.02,1.0,0.02,9183378,15.19,1.3,1929.6,67.5,,,,,,0.98,0.02,11.48,0.13,DR7,Simbad,300.9354267,45.5965372,K04222,0.232,-4.723,6.7,21.384,9.3097,1.0,ok,15.89,3,Simbad,300.93543,45.59654
0.043544,293.1311,45.66355,2128040021813362688,293.1311,45.66355,57.43,5013,18,4.59,0.04,0.17,0.06,-0.01,0.01,5.86,0.02,0.4,0.006,9221517,39.59,6.37,660.3,16.1,,,,,,0.86,0.05,6.06,2.54,DR7,Simbad,293.1310969,45.6635381,K02281,0.27,-4.77,7.3,33.594,9.382,1.0,ok,,0,Simbad,293.1311,45.66354
0.135124,288.59967,46.03171,2127349940827979776,288.59967,46.03171,452.2,6218,3,3.85,0.01,-0.4,0.01,0.08,0.01,3.0,0.03,5.0,0.04,9457728,21.83,2.28,30.4,1.6,,,,,,1.29,0.03,3.24,0.52,DR7,Simbad,288.5996772,46.0317472,K04637,0.121,-5.343,11.6,13.358,10.2001,0.0,bad_seeing,20.51,3,Simbad,288.59968,46.03175
0.064592,299.66046,46.19842,2085290047652757504,299.66046,46.19842,237.43,6176,6,4.1,0.01,-0.11,0.02,0.03,0.01,3.3,0.03,4.0,0.03,9549648,7.61,0.69,118.5,8.3,,,,,,1.26,0.01,3.56,0.57,DR7,Simbad,299.6604794,46.1984319,K01886,0.073,,8.6,0.0,11.2845,0.0,low_sval,7.83,3,Simbad,299.66048,46.19843
0.075986,282.11784,46.22391,2119100030206869504,282.11784,46.22391,112.86,5653,11,4.42,0.02,-0.07,0.03,0.02,0.01,4.83,0.1,0.8,0.007,9569711,13.23,1.17,2649.5,95.3,,,,,,0.94,0.04,6.27,1.11,DR7,Simbad,282.1178392,46.2239311,K03232,0.252,-4.644,8.3,15.757,9.1918,0.0,bad_seeing,13.53,3,Simbad,282.11784,46.22393
0.110552,287.6376,46.20441,2130319996612509696,287.6376,46.20441,441.3,6216,3,3.95,0.01,-0.29,0.01,0.04,0.01,3.05,0.01,4.0,0.03,9579208,5.36,0.47,279.6,16.8,,,,,,1.28,0.03,3.37,0.54,DR7,Simbad,287.6375572,46.2044019,K03165,0.151,-5.016,27.1,9.856,9.7717,1.0,ok,5.5,3,Simbad,287.63756,46.2044
0.015839,296.95887,46.39413,2080309947173699584,296.95887,46.39413,80.03,5582,16,4.49,0.03,0.03,0.04,0.02,0.02,5.04,0.05,0.7,0.008,9662811,25.37,2.29,761.0,24.5,,,,,,0.96,0.04,3.46,1.05,DR7,Simbad,296.9588719,46.3941258,K01854,0.168,-4.97,9.3,33.83,9.7002,1.0,ok,25.4,3,Simbad,296.95887,46.39413
0.092213,289.29626,46.45795,2127750025621536768,289.29626,46.45795,100.11,5372,13,4.46,0.02,0.14,0.03,-0.01,0.01,5.2,0.01,0.6,0.008,9704384,21.51,2.05,1255.7,37.4,,,,,,0.94,0.03,5.93,1.42,DR7,Simbad,289.2962383,46.4579708,K01913,0.192,-4.883,6.7,32.775,9.5623,0.0,bad_seeing,21.81,3,Simbad,289.29624,46.45797
0.055623,294.91158,46.49147,2080099940452794368,294.91158,46.49147,83.44,5967,16,4.26,0.03,0.2,0.04,-0.01,0.02,4.1,0.02,2.0,0.02,9717943,12.52,1.58,261.9,12.2,,,,,,1.16,0.03,3.42,0.32,DR7,Simbad,294.9115681,46.4914569,K02273,0.139,-5.134,10.6,21.136,9.9455,1.0,ok,12.46,3,Simbad,294.91157,46.49146
0.067738,298.60788,46.45368,2085530016065519616,298.60788,46.45368,112.09,5104,10,4.57,0.02,-0.09,0.03,0.05,0.01,5.87,0.02,0.4,0.008,9729691,23.21,1.98,2590.1,89.2,,,,,,0.8,0.03,5.18,2.17,DR7,Simbad,298.6078528,46.4536817,K01751,0.311,-4.678,3.8,27.274,9.2427,0.0,bad_seeing,24.15,3,Simbad,298.60785,46.45368
0.076327,298.86658,46.50225,2085500054373662720,298.86658,46.50225,87.33,5465,15,4.52,0.03,-0.05,0.04,-0.02,0.01,5.23,0.04,0.6,0.008,9790806,7.0,0.5,6101.1,312.6,,,,,,0.9,0.04,5.34,1.42,DR7,Simbad,298.8665614,46.5022331,K02035,0.402,-4.41,9.2,7.966,8.6464,1.0,ok,7.17,3,Simbad,298.86656,46.50223
0.087128,285.24088,46.66825,2107309967022227456,285.24088,46.66825,56.44,5804,23,4.21,0.05,0.22,0.05,0.05,0.02,3.89,0.07,2.0,0.06,9818381,12.95,1.7,732.3,31.0,,,,,,1.2,0.06,5.06,0.77,DR7,Simbad,285.2408475,46.6682406,K00135,0.172,-4.907,10.7,18.223,9.6007,1.0,ok,12.86,3,Simbad,285.24085,46.66824
0.027325,287.36946,46.76822,2130439980818890752,287.36946,46.76822,149.3,6016,10,4.26,0.02,-0.14,0.03,0.05,0.01,4.23,0.02,2.0,0.02,9881662,24.01,1.75,395.0,12.6,,,,,,1.04,0.02,5.15,0.24,DR7,Simbad,287.3694708,46.7682183,K00327,0.135,-5.182,10.2,22.471,10.0099,1.0,ok,13.3,2,Simbad,287.36947,46.76822
0.068203,288.46908,46.78367,2130769971746177024,288.46908,46.78367,53.4,5696,25,4.47,0.05,-0.07,0.06,0.0,0.02,4.89,0.03,0.8,0.01,9883606,14.08,1.36,1724.4,63.4,,,,,,0.96,0.06,4.64,1.41,DR7,Simbad,288.4690969,46.783685,K04383,0.239,-4.677,8.3,16.467,9.2406,1.0,ok,14.21,3,Simbad,288.4691,46.78368
0.042340,290.05112,46.71337,2127809949005250560,290.05112,46.71337,87.9,5299,14,4.49,0.03,0.13,0.04,-0.03,0.01,5.32,0.04,0.6,0.008,9886661,16.79,2.83,118.3,8.1,,,,,,0.92,0.03,6.66,1.34,DR7,Simbad,290.0511103,46.7133797,K01606,0.217,-4.808,2.8,30.378,9.4409,0.0,low_snr,32.22,2,Simbad,290.05111,46.71338
0.067360,296.80344,46.74115,2080340046304509952,296.80344,46.74115,52.21,6158,29,4.17,0.06,-0.01,0.07,0.0,0.03,3.62,0.06,3.0,0.05,9904006,10.11,0.91,80.5,8.2,,,,,,1.24,0.06,3.45,0.4,DR7,Simbad,296.8034625,46.7411606,K02135,0.131,-5.21,11.1,17.37,10.046,1.0,ok,10.05,2,Simbad,296.80346,46.74116
0.012770,298.48282,46.79362,2085559977757376512,298.48282,46.79362,118.43,5874,11,4.5,0.02,0.18,0.03,0.07,0.01,4.68,0.01,1.0,0.01,9909735,7.09,0.5,4755.9,247.2,,,,,,1.1,0.03,0.23,0.08,DR7,Simbad,298.4828219,46.7936233,K01779,0.269,-4.575,10.7,10.545,9.0697,1.0,ok,7.37,3,Simbad,298.48282,46.79362
0.059773,283.56529,46.90425,2107559968478593024,283.56529,46.90425,76.97,5024,14,4.62,0.03,0.04,0.04,0.02,0.01,5.93,0.03,0.3,0.006,9995402,33.99,3.98,677.7,17.9,,,,,,0.84,0.04,4.79,2.3,DR7,Simbad,283.5653094,46.90426,K02832,0.232,-4.865,7.3,40.086,9.5324,1.0,ok,39.29,3,Simbad,283.56531,46.90426
0.053155,298.49329,47.01303,2085580043844583424,298.49329,47.01303,80.83,6000,18,4.37,0.04,0.02,0.04,0.04,0.02,4.23,0.02,2.0,0.02,10094670,13.28,1.24,142.4,9.9,,,,,,1.1,0.04,3.92,0.32,DR7,Simbad,298.4932733,47.0130394,K01984,0.149,-5.05,10.4,20.312,9.8239,1.0,ok,13.91,2,Simbad,298.49327,47.01304
0.106930,294.27729,46.67528,2128151660905893504,294.27729,46.67528,100.7,5832,13,4.17,0.03,-0.32,0.04,0.08,0.02,4.33,0.01,1.0,0.01,,,,,,0.191,0.007,100.37,-4.8165,0.0146,0.94,0.02,9.48,0.71,DR7,Simbad,294.2772906,46.6752503,K01715,0.149,-5.077,11.1,30.598,9.8629,1.0,ok,,1,Simbad,294.27729,46.67525
0.065273,285.26858,48.56,2131587531660567296,285.26858,48.56,184.78,5494,7,4.49,0.01,-0.09,0.02,0.02,0.01,5.13,0.02,0.7,0.007,,,,,,0.262,0.004,184.66,-4.5197,0.0063,0.9,0.01,6.31,0.71,DR7,Simbad,285.2685653,48.5599847,K01800,0.422,-4.367,8.1,5.476,8.3943,0.0,bad_seeing,6.58,3,Simbad,285.26857,48.55998
0.068076,286.28601,43.32046,2105663727538050688,286.28601,43.32046,143.62,5698,10,4.34,0.02,-0.07,0.02,0.07,0.01,4.44,0.01,1.0,0.01,,,,,,0.169,0.006,143.82,-5.0214,0.014,0.98,0.01,9.05,0.27,DR7,Simbad,286.2859858,43.3204669,K01898,0.154,-5.043,9.4,32.03,9.8137,1.0,ok,,1,Simbad,286.28599,43.32047
0.125682,290.46508,48.33225,2129423241804258944,290.46508,48.33225,126.94,5692,11,4.25,0.02,-0.17,0.03,0.04,0.01,4.48,0.01,1.0,0.009,,,,,,0.177,0.005,127.21,-4.9411,0.012,0.92,0.01,10.93,0.62,DR7,Simbad,290.4651325,48.3322508,K03248,0.149,-5.08,10.4,33.465,9.8682,1.0,ok,,1,Simbad,290.46513,48.33225
0.017426,294.91611,46.94498,2128525907175071872,294.91611,46.94498,157.27,5944,9,4.41,0.02,-0.15,0.02,0.01,0.01,4.39,0.01,1.0,0.01,,,,,,0.207,0.004,157.41,-4.6979,0.0094,1.0,0.01,4.34,0.48,DR7,Simbad,294.9161058,46.9449839,K01796,0.201,-4.766,10.8,12.755,9.3753,1.0,ok,,0,Simbad,294.91611,46.94498
0.068154,298.20261,44.92583,2079298435140815360,298.20261,44.92583,139.87,6160,11,4.25,0.02,-0.23,0.03,0.05,0.02,4.08,0.01,2.0,0.02,,,,,,0.163,0.006,141.03,-5.1178,0.0163,1.04,0.01,4.63,0.44,DR7,Simbad,298.2025864,44.9258389,K04301,0.077,,6.4,0.0,11.1534,0.0,low_sval,,1,Simbad,298.20259,44.92584
0.104938,288.66154,49.73722,2132686356093801472,288.66154,49.73722,115.32,6102,13,4.27,0.03,0.08,0.03,0.0,0.02,3.72,0.02,2.0,0.04,,,,,,0.174,0.008,115.0,-4.9632,0.0206,1.22,0.01,3.34,0.23,DR7,Simbad,288.6615781,49.7372044,K01532,0.122,-5.339,11.0,20.299,10.1943,1.0,ok,10.33,2,Simbad,288.66158,49.7372
0.470775,281.46152,46.78986,2119196585370036736,281.46152,46.78986,250.14,6218,5,3.86,0.01,-0.3,0.02,0.07,0.01,3.07,0.01,4.0,0.05,,,,,,0.207,0.003,250.77,-4.6838,0.0065,1.3,0.01,3.21,0.04,DR7,Simbad,281.4617053,46.7898917,K01537,0.124,-5.302,11.7,15.612,10.1546,1.0,ok,12.6,3,Simbad,281.46171,46.78989
0.085045,290.62525,44.87397,2127008611187043456,290.62525,44.87397,108.93,5802,13,4.16,0.03,-0.32,0.04,0.08,0.02,4.27,0.01,1.0,0.01,,,,,,0.186,0.008,109.21,-4.8548,0.0172,0.92,0.01,11.18,0.48,DR7,Simbad,290.6252375,44.8739481,K00374,0.141,-5.135,10.5,30.137,9.9459,1.0,ok,,0,Simbad,290.62524,44.87395
0.411835,291.1734,44.92121,2126632994828732032,291.1734,44.92121,134.51,6303,11,4.17,0.03,-0.21,0.03,0.06,0.02,3.7,0.01,2.0,0.03,,,,,,0.191,0.005,134.17,-4.8023,0.0106,1.18,0.01,3.0,0.18,DR7,Simbad,291.1732872,44.9211281,K03125,0.126,-5.277,19.6,14.555,10.1261,1.0,ok,6.49,3,Simbad,291.17329,44.92113
0.024857,294.4639,49.76504,2135044568018500096,294.4639,49.76504,126.52,6265,12,4.22,0.03,0.0,0.03,0.01,0.02,3.53,0.02,3.0,0.05,,,,,,0.181,0.005,126.75,-4.8957,0.0122,1.26,0.01,2.71,0.18,DR7,Simbad,294.4638942,49.7650458,K00167,0.121,-5.349,11.2,15.713,10.2049,1.0,ok,,1,Simbad,294.46389,49.76505
0.002107,295.40433,42.98142,2078008703696509056,295.40433,42.98142,150.86,6170,10,4.25,0.02,-0.1,0.02,-0.01,0.01,4.01,0.01,2.0,0.02,,,,,,0.168,0.005,150.59,-5.0385,0.0123,1.12,0.01,3.14,0.08,DR7,Simbad,295.4043292,42.98142,K00266,0.134,-5.178,12.2,16.586,10.0054,1.0,ok,,1,Simbad,295.40433,42.98142
0.159507,287.60462,42.16678,2102454253097554304,287.60462,42.16678,151.66,5812,9,4.25,0.02,-0.57,0.03,0.11,0.02,4.54,0.01,1.0,0.009,,,,,,0.181,0.005,151.26,-4.7939,0.0119,0.82,0.01,13.44,0.32,DR7,Simbad,287.6046369,42.1667375,K00111,0.145,-5.107,25.7,33.094,9.9074,1.0,ok,,1,Simbad,287.60464,42.16674
0.164637,285.31121,47.84856,2131494313689868416,285.31121,47.84856,163.35,5710,8,3.96,0.02,0.21,0.02,0.0,0.01,3.5,0.0,3.0,0.03,,,,,,0.172,0.005,162.86,-4.9879,0.0133,1.28,0.01,4.78,0.08,DR7,Simbad,285.3112681,47.8485839,K00275,0.136,-5.172,29.2,33.137,9.9969,1.0,ok,,1,Simbad,285.31127,47.84858
0.448081,292.17998,49.20237,2129754847637288192,292.17998,49.20237,105.83,5766,14,4.08,0.03,-0.12,0.03,0.04,0.02,3.88,0.03,2.0,0.04,,,,,,0.15,0.008,105.88,-5.3299,0.0237,1.14,0.01,6.15,0.18,DR7,Simbad,292.1801267,49.2024494,K03015,0.132,-5.222,10.2,37.584,10.0609,1.0,ok,,1,Simbad,292.18013,49.20245
0.098661,289.07397,40.36601,2101318556367845888,289.07397,40.36601,120.48,5571,11,4.5,0.02,0.2,0.03,-0.01,0.01,4.93,0.01,0.8,0.01,,,,,,0.237,0.006,119.9,-4.5966,0.0112,1.02,0.01,2.13,0.96,DR7,Simbad,289.0739744,40.3660372,K04246,0.357,-4.434,9.3,7.546,8.7453,1.0,ok,7.28,3,Simbad,289.07397,40.36604
0.089315,296.33688,43.60008,2078794755737702144,296.33688,43.60008,117.22,5680,11,4.38,0.02,-0.21,0.03,0.04,0.01,4.89,0.02,0.8,0.01,,,,,,0.191,0.008,117.09,-4.8261,0.017,0.88,0.02,8.49,0.87,DR7,Simbad,296.3368469,43.6000864,K04582,0.15,-5.074,9.4,37.196,9.8585,0.0,bad_seeing,14.44,2,Simbad,296.33685,43.60009
0.013535,282.39191,43.88935,2105362903731391744,282.39191,43.88935,172.85,5504,7,4.27,0.01,0.26,0.02,0.03,0.01,4.72,0.01,1.0,0.009,,,,,,0.172,0.005,172.56,-5.0106,0.0133,1.0,0.01,8.05,0.37,DR7,Simbad,282.3919125,43.8893467,K00316,0.159,-5.018,17.1,34.986,9.776,1.0,ok,19.68,2,Simbad,282.39191,43.88935
0.023986,288.41769,46.59043,2130393938771375104,288.41769,46.59043,136.3,6438,12,4.18,0.03,-0.22,0.03,0.08,0.02,3.5,0.04,3.0,0.06,,,,,,0.207,0.005,136.41,-4.6826,0.0104,1.26,0.01,2.24,0.16,DR7,Simbad,288.4176861,46.5904361,K01852,0.17,-4.886,11.6,6.65,9.5657,1.0,ok,,1,Simbad,288.41769,46.59044
0.050755,290.44067,38.52356,2052827207364859264,290.44067,38.52356,175.56,5630,7,4.56,0.01,0.02,0.02,-0.02,0.01,4.9,0.06,0.8,0.008,,,,,,0.272,0.004,175.31,-4.4653,0.0064,0.96,0.01,4.72,0.65,DR7,Simbad,290.4406522,38.5235622,K03876,0.412,-4.354,9.0,4.317,8.2948,0.0,bad_seeing,4.73,3,Simbad,290.44065,38.52356
0.018539,289.21482,50.65094,2133105235664018944,289.21482,50.65094,117.95,5965,12,4.26,0.03,-0.23,0.03,0.04,0.02,4.18,0.03,2.0,0.02,,,,,,0.184,0.008,117.78,-4.864,0.0176,1.0,0.02,7.25,0.45,DR7,Simbad,289.2148153,50.6509442,K00360,0.141,-5.122,10.2,22.557,9.9287,1.0,ok,,0,Simbad,289.21482,50.65094
0.124593,283.93683,49.11032,2131859244171951616,283.93683,49.11032,137.67,6320,11,4.21,0.02,0.06,0.03,0.01,0.02,3.45,0.02,3.0,0.03,,,,,,0.181,0.006,137.11,-4.8925,0.0138,1.32,0.01,1.98,0.15,DR7,Simbad,283.9368053,49.1102894,K01445,0.13,-5.215,12.1,10.587,10.0517,1.0,ok,5.48,2,Simbad,283.93681,49.11029
0.026753,289.65125,43.82442,2102877015319104640,289.65125,43.82442,111.89,5694,13,4.06,0.03,0.02,0.03,0.03,0.02,3.56,0.02,3.0,0.05,,,,,,0.153,0.007,111.96,-5.2724,0.0183,1.23,0.01,5.23,0.09,DR7,Simbad,289.6512403,43.8244175,K02674,0.132,-5.224,20.4,37.915,10.0629,1.0,ok,,1,Simbad,289.65124,43.82442
0.071343,283.72429,46.87911,2107551829518947456,283.72429,46.87911,133.31,6200,11,3.99,0.03,-0.3,0.03,0.04,0.02,3.11,0.02,4.0,0.06,,,,,,0.167,0.006,133.62,-5.0586,0.0146,1.26,0.03,3.54,0.37,DR7,Simbad,283.7242725,46.8791258,K04431,0.116,-5.443,11.8,14.97,10.2948,1.0,ok,9.9,2,Simbad,283.72427,46.87913
0.024341,292.26558,39.12985,2053103837616774528,292.26558,39.12985,183.53,5877,7,3.87,0.02,-0.04,0.02,0.0,0.01,3.15,0.02,4.0,0.1,,,,,,0.156,0.004,183.22,-5.2243,0.0107,1.27,0.01,4.21,0.15,DR7,Simbad,292.2655886,39.1298489,K04887,0.133,-5.212,10.2,31.149,10.0479,1.0,ok,,0,Simbad,292.26559,39.12985
